"VRSTA IZOBRAŽEVANJA","LETNIK","STAROST","2009/10 Spol - SKUPAJ","2009/10 Moški","2009/10 Ženske","2010/11 Spol - SKUPAJ","2010/11 Moški","2010/11 Ženske","2011/12 Spol - SKUPAJ","2011/12 Moški","2011/12 Ženske","2012/13 Spol - SKUPAJ","2012/13 Moški","2012/13 Ženske","2013/14 Spol - SKUPAJ","2013/14 Moški","2013/14 Ženske","2014/15 Spol - SKUPAJ","2014/15 Moški","2014/15 Ženske","2015/16 Spol - SKUPAJ","2015/16 Moški","2015/16 Ženske","2016/17 Spol - SKUPAJ","2016/17 Moški","2016/17 Ženske","2017/18 Spol - SKUPAJ","2017/18 Moški","2017/18 Ženske","2018/19 Spol - SKUPAJ","2018/19 Moški","2018/19 Ženske","2019/20 Spol - SKUPAJ","2019/20 Moški","2019/20 Ženske","2020/21 Spol - SKUPAJ","2020/21 Moški","2020/21 Ženske"
"Vrsta izobraževanja - SKUPAJ","Vsi letniki - SKUPAJ","Starost - Skupaj",85030,43730,41300,82267,42330,39937,79901,41164,38737,78208,40321,37887,76714,39717,36997,75325,38964,36361,74759,38651,36108,74021,38239,35782,73776,38030,35746,73110,37682,35428,72738,37436,35302,73854,38041,35813
"Vrsta izobraževanja - SKUPAJ","Vsi letniki - SKUPAJ","13 let ali manj",11,1,10,19,14,5,4,2,2,15,9,6,4,4,-,2,1,1,1,-,1,2,2,-,-,-,-,1,1,-,2,-,2,2,-,2
"Vrsta izobraževanja - SKUPAJ","Vsi letniki - SKUPAJ","14 let",1175,473,702,902,397,505,456,181,275,148,58,90,89,41,48,122,53,69,132,53,79,113,43,70,81,42,39,113,49,64,103,36,67,118,54,64
"Vrsta izobraževanja - SKUPAJ","Vsi letniki - SKUPAJ","15 let",18348,9053,9295,18022,9162,8860,17938,9274,8664,17220,8590,8630,16898,8618,8280,16320,8304,8016,17012,8631,8381,16169,8164,8005,16374,8254,8120,15954,8040,7914,16337,8144,8193,16619,8378,8241
"Vrsta izobraževanja - SKUPAJ","Vsi letniki - SKUPAJ","16 let",19330,10009,9321,19129,9708,9421,18719,9453,9266,18749,9712,9037,18102,9277,8825,17767,9220,8547,17357,8951,8406,18096,9334,8762,17615,9116,8499,17667,9077,8590,17331,8929,8402,18073,9165,8908
"Vrsta izobraževanja - SKUPAJ","Vsi letniki - SKUPAJ","17 let",19669,10158,9511,19049,9727,9322,18855,9556,9299,18568,9535,9033,18530,9552,8978,18045,9182,8863,17742,9177,8565,17323,8916,8407,18097,9314,8783,17540,9072,8468,17503,8975,8528,17281,8883,8398
"Vrsta izobraževanja - SKUPAJ","Vsi letniki - SKUPAJ","18 let",18163,9315,8848,17295,8854,8441,17229,8755,8474,17097,8655,8442,16658,8456,8202,16829,8586,8243,16601,8374,8227,16435,8349,8086,16057,8081,7976,16555,8335,8220,16083,8160,7923,16329,8235,8094
"Vrsta izobraževanja - SKUPAJ","Vsi letniki - SKUPAJ","19 let",5217,3020,2197,4691,2829,1862,4249,2515,1734,3995,2440,1555,4223,2577,1646,4140,2497,1643,3922,2368,1554,3888,2317,1571,3781,2256,1525,3625,2231,1394,3876,2364,1512,3973,2460,1513
"Vrsta izobraževanja - SKUPAJ","Vsi letniki - SKUPAJ","20 let",1646,948,698,1702,916,786,1365,827,538,1248,724,524,1141,675,466,1041,623,418,1101,648,453,1110,644,466,974,568,406,971,548,423,884,537,347,971,604,367
"Vrsta izobraževanja - SKUPAJ","Vsi letniki - SKUPAJ","21 let in veè",1471,753,718,1458,723,735,1086,601,485,1168,598,570,1069,517,552,1059,498,561,891,449,442,885,470,415,797,399,398,684,329,355,619,291,328,488,262,226
"Vrsta izobraževanja - SKUPAJ","1. letnik","Starost - Skupaj",21731,11320,10411,21266,11218,10048,20919,11051,9868,20450,10773,9677,20264,10766,9498,19794,10530,9264,20489,10803,9686,19813,10481,9332,20180,10675,9505,19735,10362,9373,20098,10495,9603,20144,10600,9544
"Vrsta izobraževanja - SKUPAJ","1. letnik","13 let ali manj",11,1,10,8,5,3,4,2,2,4,3,1,3,3,-,1,-,1,1,-,1,2,2,-,-,-,-,1,1,-,2,-,2,2,-,2
"Vrsta izobraževanja - SKUPAJ","1. letnik","14 let",1147,465,682,895,396,499,448,173,275,145,58,87,88,40,48,116,51,65,130,52,78,112,43,69,79,40,39,113,49,64,102,35,67,116,54,62
"Vrsta izobraževanja - SKUPAJ","1. letnik","15 let",16969,8501,8468,16969,8698,8271,16819,8658,8161,16686,8421,8265,16754,8563,8191,16225,8262,7963,16896,8583,8313,16054,8118,7936,16278,8218,8060,15887,8006,7881,16233,8101,8132,16523,8343,8180
"Vrsta izobraževanja - SKUPAJ","1. letnik","16 let",2105,1320,785,2135,1284,851,2337,1363,974,2248,1366,882,2135,1315,820,2143,1362,781,2164,1326,838,2336,1465,871,2443,1537,906,2454,1489,965,2596,1644,952,2377,1479,898
"Vrsta izobraževanja - SKUPAJ","1. letnik","17 let",790,563,227,611,400,211,693,458,235,757,518,239,711,472,239,690,469,221,735,489,246,649,433,216,775,511,264,744,492,252,698,442,256,671,467,204
"Vrsta izobraževanja - SKUPAJ","1. letnik","18 let",394,266,128,334,221,113,366,226,140,350,246,104,314,205,109,329,208,121,309,197,112,346,222,124,312,199,113,340,224,116,284,176,108,272,168,104
"Vrsta izobraževanja - SKUPAJ","1. letnik","19 let",179,121,58,159,107,52,143,98,45,129,75,54,126,82,44,144,89,55,122,74,48,143,93,50,143,82,61,94,58,36,117,68,49,104,53,51
"Vrsta izobraževanja - SKUPAJ","1. letnik","20 let",71,42,29,91,59,32,58,38,20,52,38,14,50,34,16,49,32,17,51,36,15,71,40,31,56,36,20,44,23,21,32,18,14,51,30,21
"Vrsta izobraževanja - SKUPAJ","1. letnik","21 let in veè",65,41,24,64,48,16,51,35,16,79,48,31,83,52,31,97,57,40,81,46,35,100,65,35,94,52,42,58,20,38,34,11,23,28,6,22
"Vrsta izobraževanja - SKUPAJ","2. letnik","Starost - Skupaj",20460,10601,9859,20220,10395,9825,19668,10224,9444,19373,10099,9274,19025,9829,9196,18883,9814,9069,18496,9636,8860,18926,9811,9115,18401,9559,8842,18540,9634,8906,18022,9250,8772,18882,9644,9238
"Vrsta izobraževanja - SKUPAJ","2. letnik","13 let ali manj",-,-,-,3,2,1,-,-,-,2,1,1,-,-,-,1,1,-,-,-,-,-,-,-,-,-,-,-,-,-,-,-,-,-,-,-
"Vrsta izobraževanja - SKUPAJ","2. letnik","14 let",21,4,17,7,1,6,8,8,-,1,-,1,1,1,-,6,2,4,1,-,1,1,-,1,2,2,-,-,-,-,1,1,-,2,-,2
"Vrsta izobraževanja - SKUPAJ","2. letnik","15 let",1362,538,824,1029,444,585,1112,614,498,531,166,365,142,54,88,93,40,53,111,46,65,114,46,68,95,36,59,66,33,33,103,42,61,95,34,61
"Vrsta izobraževanja - SKUPAJ","2. letnik","16 let",15932,8154,7778,15723,7837,7886,15323,7645,7678,15640,7983,7657,15528,7793,7735,15488,7806,7682,15104,7585,7519,15662,7831,7831,15060,7536,7524,15122,7557,7565,14666,7250,7416,15593,7643,7950
"Vrsta izobraževanja - SKUPAJ","2. letnik","17 let",2244,1322,922,2349,1372,977,2265,1334,931,2287,1358,929,2333,1366,967,2241,1328,913,2215,1357,858,2204,1349,855,2334,1430,904,2446,1516,930,2369,1419,950,2384,1475,909
"Vrsta izobraževanja - SKUPAJ","2. letnik","18 let",534,356,178,739,515,224,598,397,201,586,377,209,700,436,264,684,424,260,656,407,249,582,376,206,556,347,209,578,357,221,579,367,212,562,347,215
"Vrsta izobraževanja - SKUPAJ","2. letnik","19 let",222,146,76,242,150,92,220,136,84,192,123,69,202,116,86,234,133,101,258,148,110,212,123,89,204,123,81,184,105,79,214,127,87,168,101,67
"Vrsta izobraževanja - SKUPAJ","2. letnik","20 let",95,51,44,81,47,34,86,53,33,79,51,28,66,30,36,64,37,27,90,57,33,76,41,35,76,44,32,72,34,38,42,25,17,52,30,22
"Vrsta izobraževanja - SKUPAJ","2. letnik","21 let in veè",50,30,20,47,27,20,56,37,19,55,40,15,53,33,20,72,43,29,61,36,25,75,45,30,74,41,33,72,32,40,48,19,29,26,14,12
"Vrsta izobraževanja - SKUPAJ","3. letnik","Starost - Skupaj",20038,10415,9623,19276,9848,9428,18953,9566,9387,18451,9449,9002,18120,9310,8810,17895,9086,8809,17658,9020,8638,17362,8821,8541,17738,8999,8739,17120,8745,8375,17395,8927,8468,17108,8637,8471
"Vrsta izobraževanja - SKUPAJ","3. letnik","13 let ali manj",-,-,-,6,5,1,-,-,-,1,1,-,-,-,-,-,-,-,-,-,-,-,-,-,-,-,-,-,-,-,-,-,-,-,-,-
"Vrsta izobraževanja - SKUPAJ","3. letnik","14 let",4,3,1,-,-,-,-,-,-,1,-,1,-,-,-,-,-,-,1,1,-,-,-,-,-,-,-,-,-,-,-,-,-,-,-,-
"Vrsta izobraževanja - SKUPAJ","3. letnik","15 let",17,14,3,24,20,4,7,2,5,3,3,-,1,1,-,2,2,-,5,2,3,1,-,1,1,-,1,1,1,-,1,1,-,1,1,-
"Vrsta izobraževanja - SKUPAJ","3. letnik","16 let",1289,533,756,1267,585,682,1059,445,614,853,362,491,438,168,270,133,49,84,89,40,49,96,37,59,111,43,68,90,31,59,68,34,34,102,42,60
"Vrsta izobraževanja - SKUPAJ","3. letnik","17 let",15341,7740,7601,14755,7387,7368,14826,7329,7497,14548,7287,7261,14728,7394,7334,14716,7248,7468,14662,7278,7384,14390,7093,7297,14899,7339,7560,14242,7022,7220,14351,7086,7265,14163,6910,7253
"Vrsta izobraževanja - SKUPAJ","3. letnik","18 let",2505,1540,965,2401,1336,1065,2274,1327,947,2242,1323,919,2145,1246,899,2230,1299,931,2059,1212,847,2026,1213,813,2018,1202,816,2087,1270,817,2261,1387,874,2130,1258,872
"Vrsta izobraževanja - SKUPAJ","3. letnik","19 let",549,369,180,498,321,177,484,288,196,493,301,192,535,344,191,546,342,204,543,329,214,522,304,218,449,275,174,469,297,172,476,293,183,471,292,179
"Vrsta izobraževanja - SKUPAJ","3. letnik","20 let",229,147,82,206,129,77,203,121,82,193,108,85,180,107,73,153,94,59,182,98,84,195,102,93,152,88,64,147,80,67,137,81,56,165,94,71
"Vrsta izobraževanja - SKUPAJ","3. letnik","21 let in veè",104,69,35,119,65,54,100,54,46,117,64,53,93,50,43,115,52,63,117,60,57,132,72,60,108,52,56,84,44,40,101,45,56,76,40,36
"Vrsta izobraževanja - SKUPAJ","4. letnik","Starost - Skupaj",18824,9381,9443,17909,8972,8937,17345,8604,8741,17181,8466,8715,16695,8335,8360,16342,8190,8152,16020,7964,8056,15924,7934,7990,15456,7621,7835,15724,7693,8031,15251,7521,7730,15755,7875,7880
"Vrsta izobraževanja - SKUPAJ","4. letnik","13 let ali manj",-,-,-,2,2,-,-,-,-,2,1,1,-,-,-,-,-,-,-,-,-,-,-,-,-,-,-,-,-,-,-,-,-,-,-,-
"Vrsta izobraževanja - SKUPAJ","4. letnik","14 let",3,1,2,-,-,-,-,-,-,-,-,-,-,-,-,-,-,-,-,-,-,-,-,-,-,-,-,-,-,-,-,-,-,-,-,-
"Vrsta izobraževanja - SKUPAJ","4. letnik","15 let",-,-,-,-,-,-,-,-,-,-,-,-,-,-,-,-,-,-,-,-,-,-,-,-,-,-,-,-,-,-,-,-,-,-,-,-
"Vrsta izobraževanja - SKUPAJ","4. letnik","16 let",4,2,2,4,2,2,-,-,-,8,1,7,1,1,-,3,3,-,-,-,-,2,1,1,1,-,1,1,-,1,1,1,-,1,1,-
"Vrsta izobraževanja - SKUPAJ","4. letnik","17 let",1290,533,757,1318,565,753,1066,434,632,974,372,602,755,319,436,398,137,261,130,53,77,80,41,39,89,34,55,108,42,66,85,28,57,63,31,32
"Vrsta izobraževanja - SKUPAJ","4. letnik","18 let",14549,7078,7471,13639,6696,6943,13839,6739,7100,13807,6663,7144,13377,6508,6869,13507,6633,6874,13542,6548,6994,13466,6530,6936,13152,6332,6820,13535,6480,7055,12935,6223,6712,13332,6452,6880
"Vrsta izobraževanja - SKUPAJ","4. letnik","19 let",2243,1273,970,2076,1257,819,1836,1053,783,1772,1066,706,1972,1166,806,1884,1098,786,1809,1043,766,1814,1033,781,1709,984,725,1627,917,710,1786,1023,763,1882,1111,771
"Vrsta izobraževanja - SKUPAJ","4. letnik","20 let",471,320,151,624,292,332,397,253,144,410,242,168,389,239,150,373,221,152,365,225,140,386,233,153,326,184,142,316,177,139,320,179,141,344,206,138
"Vrsta izobraževanja - SKUPAJ","4. letnik","21 let in veè",264,174,90,246,158,88,207,125,82,208,121,87,201,102,99,177,98,79,174,95,79,176,96,80,179,87,92,137,77,60,124,67,57,133,74,59
"Vrsta izobraževanja - SKUPAJ","5. letnik","Starost - Skupaj",3977,2013,1964,3596,1897,1699,3016,1719,1297,2753,1534,1219,2610,1477,1133,2411,1344,1067,2096,1228,868,1996,1192,804,2001,1176,825,1991,1248,743,1972,1243,729,1965,1285,680
"Vrsta izobraževanja - SKUPAJ","5. letnik","13 let ali manj",-,-,-,-,-,-,-,-,-,6,3,3,1,1,-,-,-,-,-,-,-,-,-,-,-,-,-,-,-,-,-,-,-,-,-,-
"Vrsta izobraževanja - SKUPAJ","5. letnik","14 let",-,-,-,-,-,-,-,-,-,1,-,1,-,-,-,-,-,-,-,-,-,-,-,-,-,-,-,-,-,-,-,-,-,-,-,-
"Vrsta izobraževanja - SKUPAJ","5. letnik","15 let",-,-,-,-,-,-,-,-,-,-,-,-,1,-,1,-,-,-,-,-,-,-,-,-,-,-,-,-,-,-,-,-,-,-,-,-
"Vrsta izobraževanja - SKUPAJ","5. letnik","16 let",-,-,-,-,-,-,-,-,-,-,-,-,-,-,-,-,-,-,-,-,-,-,-,-,-,-,-,-,-,-,-,-,-,-,-,-
"Vrsta izobraževanja - SKUPAJ","5. letnik","17 let",4,-,4,16,3,13,5,1,4,2,-,2,3,1,2,-,-,-,-,-,-,-,-,-,-,-,-,-,-,-,-,-,-,-,-,-
"Vrsta izobraževanja - SKUPAJ","5. letnik","18 let",181,75,106,182,86,96,152,66,86,112,46,66,122,61,61,79,22,57,35,10,25,15,8,7,19,1,18,15,4,11,24,7,17,33,10,23
"Vrsta izobraževanja - SKUPAJ","5. letnik","19 let",2024,1111,913,1716,994,722,1566,940,626,1409,875,534,1388,869,519,1332,835,497,1190,774,416,1197,764,433,1276,792,484,1251,854,397,1283,853,430,1348,903,445
"Vrsta izobraževanja - SKUPAJ","5. letnik","20 let",780,388,392,700,389,311,621,362,259,514,285,229,456,265,191,402,239,163,413,232,181,382,228,154,364,216,148,392,234,158,353,234,119,359,244,115
"Vrsta izobraževanja - SKUPAJ","5. letnik","21 let in veè",988,439,549,982,425,557,672,350,322,709,325,384,639,280,359,598,248,350,458,212,246,402,192,210,342,167,175,333,156,177,312,149,163,225,128,97
"Nižje poklicno","Vsi letniki - SKUPAJ","Starost - Skupaj",1055,798,257,875,629,246,836,610,226,800,586,214,871,627,244,901,644,257,944,680,264,1000,694,306,1027,710,317,1047,745,302,1095,799,296,1109,804,305
"Nižje poklicno","Vsi letniki - SKUPAJ","13 let ali manj",-,-,-,-,-,-,-,-,-,-,-,-,-,-,-,-,-,-,-,-,-,-,-,-,-,-,-,-,-,-,-,-,-,-,-,-
"Nižje poklicno","Vsi letniki - SKUPAJ","14 let",14,10,4,13,9,4,5,3,2,2,2,-,4,3,1,-,-,-,2,2,-,1,1,-,1,-,1,1,1,-,1,-,1,4,3,1
"Nižje poklicno","Vsi letniki - SKUPAJ","15 let",211,172,39,224,152,72,234,182,52,198,154,44,245,174,71,193,145,48,242,174,68,231,160,71,242,168,74,263,209,54,279,206,73,255,182,73
"Nižje poklicno","Vsi letniki - SKUPAJ","16 let",331,240,91,304,228,76,293,197,96,321,222,99,319,236,83,366,251,115,304,217,87,391,272,119,364,246,118,387,259,128,412,315,97,432,318,114
"Nižje poklicno","Vsi letniki - SKUPAJ","17 let",288,220,68,218,154,64,178,128,50,180,132,48,163,108,55,203,148,55,220,153,67,205,140,65,265,182,83,239,166,73,233,159,74,276,210,66
"Nižje poklicno","Vsi letniki - SKUPAJ","18 let",131,93,38,83,61,22,78,66,12,58,42,16,97,74,23,80,53,27,103,79,24,103,72,31,83,61,22,102,75,27,107,74,33,89,63,26
"Nižje poklicno","Vsi letniki - SKUPAJ","19 let",52,40,12,23,17,6,28,15,13,28,23,5,25,18,7,44,35,9,42,31,11,36,26,10,43,31,12,30,20,10,42,36,6,36,19,17
"Nižje poklicno","Vsi letniki - SKUPAJ","20 let",21,16,5,7,5,2,9,9,-,9,8,1,13,10,3,8,7,1,20,15,5,14,9,5,12,9,3,11,6,5,6,5,1,9,6,3
"Nižje poklicno","Vsi letniki - SKUPAJ","21 let in veè",7,7,-,3,3,-,11,10,1,4,3,1,5,4,1,7,5,2,11,9,2,19,14,5,17,13,4,14,9,5,15,4,11,8,3,5
"Nižje poklicno","1. letnik","Starost - Skupaj",436,329,107,442,306,136,431,327,104,425,314,111,495,360,135,482,355,127,552,401,151,575,398,177,581,412,169,623,463,160,621,462,159,594,435,159
"Nižje poklicno","1. letnik","13 let ali manj",-,-,-,-,-,-,-,-,-,-,-,-,-,-,-,-,-,-,-,-,-,-,-,-,-,-,-,-,-,-,-,-,-,-,-,-
"Nižje poklicno","1. letnik","14 let",14,10,4,13,9,4,5,3,2,2,2,-,4,3,1,-,-,-,2,2,-,1,1,-,1,-,1,1,1,-,1,-,1,4,3,1
"Nižje poklicno","1. letnik","15 let",204,168,36,214,145,69,218,171,47,195,152,43,244,173,71,190,143,47,242,174,68,229,158,71,242,168,74,262,209,53,278,205,73,254,182,72
"Nižje poklicno","1. letnik","16 let",156,107,49,132,93,39,111,78,33,132,86,46,155,111,44,168,116,52,172,120,52,212,141,71,188,132,56,208,139,69,221,169,52,202,151,51
"Nižje poklicno","1. letnik","17 let",47,34,13,50,37,13,50,38,12,65,52,13,43,32,11,71,58,13,82,62,20,69,52,17,98,76,22,93,69,24,72,53,19,97,76,21
"Nižje poklicno","1. letnik","18 let",10,6,4,22,13,9,23,21,2,20,16,4,30,25,5,27,18,9,34,27,7,43,31,12,34,24,10,42,36,6,33,23,10,25,19,6
"Nižje poklicno","1. letnik","19 let",3,3,-,9,7,2,12,5,7,7,3,4,11,8,3,17,12,5,8,6,2,8,6,2,11,7,4,7,6,1,12,11,1,7,2,5
"Nižje poklicno","1. letnik","20 let",2,1,1,2,2,-,1,1,-,2,2,-,6,6,-,5,5,-,5,4,1,6,4,2,3,2,1,5,2,3,1,1,-,1,1,-
"Nižje poklicno","1. letnik","21 let in veè",-,-,-,-,-,-,11,10,1,2,1,1,2,2,-,4,3,1,7,6,1,7,5,2,4,3,1,5,1,4,3,-,3,4,1,3
"Nižje poklicno","2. letnik","Starost - Skupaj",328,244,84,378,273,105,377,261,116,364,269,95,363,258,105,407,284,123,382,274,108,411,291,120,434,289,145,408,275,133,455,325,130,496,355,141
"Nižje poklicno","2. letnik","13 let ali manj",-,-,-,-,-,-,-,-,-,-,-,-,-,-,-,-,-,-,-,-,-,-,-,-,-,-,-,-,-,-,-,-,-,-,-,-
"Nižje poklicno","2. letnik","14 let",-,-,-,-,-,-,-,-,-,-,-,-,-,-,-,-,-,-,-,-,-,-,-,-,-,-,-,-,-,-,-,-,-,-,-,-
"Nižje poklicno","2. letnik","15 let",6,3,3,10,7,3,16,11,5,3,2,1,1,1,-,3,2,1,-,-,-,2,2,-,-,-,-,1,-,1,1,1,-,1,-,1
"Nižje poklicno","2. letnik","16 let",171,130,41,172,135,37,182,119,63,187,136,51,164,125,39,198,135,63,132,97,35,179,131,48,176,114,62,179,120,59,191,146,45,230,167,63
"Nižje poklicno","2. letnik","17 let",110,81,29,135,87,48,117,79,38,113,80,33,114,72,42,131,89,42,135,89,46,135,88,47,167,106,61,144,96,48,159,104,55,173,128,45
"Nižje poklicno","2. letnik","18 let",26,17,9,46,34,12,44,36,8,34,25,9,66,48,18,46,33,13,66,51,15,55,40,15,44,33,11,52,37,15,64,46,18,58,39,19
"Nižje poklicno","2. letnik","19 let",8,6,2,9,6,3,10,8,2,19,18,1,11,8,3,26,22,4,33,24,9,25,18,7,29,22,7,22,14,8,27,23,4,26,15,11
"Nižje poklicno","2. letnik","20 let",3,3,-,4,2,2,8,8,-,6,6,-,4,2,2,1,1,-,12,10,2,6,4,2,7,5,2,5,4,1,5,4,1,6,5,1
"Nižje poklicno","2. letnik","21 let in veè",4,4,-,2,2,-,-,-,-,2,2,-,3,2,1,2,2,-,4,3,1,9,8,1,11,9,2,5,4,1,8,1,7,2,1,1
"Nižje poklicno","3. letnik","Starost - Skupaj",291,225,66,55,50,5,28,22,6,11,3,8,13,9,4,12,5,7,10,5,5,14,5,9,12,9,3,16,7,9,19,12,7,19,14,5
"Nižje poklicno","3. letnik","13 let ali manj",-,-,-,-,-,-,-,-,-,-,-,-,-,-,-,-,-,-,-,-,-,-,-,-,-,-,-,-,-,-,-,-,-,-,-,-
"Nižje poklicno","3. letnik","14 let",-,-,-,-,-,-,-,-,-,-,-,-,-,-,-,-,-,-,-,-,-,-,-,-,-,-,-,-,-,-,-,-,-,-,-,-
"Nižje poklicno","3. letnik","15 let",1,1,-,-,-,-,-,-,-,-,-,-,-,-,-,-,-,-,-,-,-,-,-,-,-,-,-,-,-,-,-,-,-,-,-,-
"Nižje poklicno","3. letnik","16 let",4,3,1,-,-,-,-,-,-,2,-,2,-,-,-,-,-,-,-,-,-,-,-,-,-,-,-,-,-,-,-,-,-,-,-,-
"Nižje poklicno","3. letnik","17 let",131,105,26,33,30,3,11,11,-,2,-,2,6,4,2,1,1,-,3,2,1,1,-,1,-,-,-,2,1,1,2,2,-,6,6,-
"Nižje poklicno","3. letnik","18 let",95,70,25,15,14,1,11,9,2,4,1,3,1,1,-,7,2,5,3,1,2,5,1,4,5,4,1,8,2,6,10,5,5,6,5,1
"Nižje poklicno","3. letnik","19 let",41,31,10,5,4,1,6,2,4,2,2,-,3,2,1,1,1,-,1,1,-,3,2,1,3,2,1,1,-,1,3,2,1,3,2,1
"Nižje poklicno","3. letnik","20 let",16,12,4,1,1,-,-,-,-,1,-,1,3,2,1,2,1,1,3,1,2,2,1,1,2,2,-,1,-,1,-,-,-,2,-,2
"Nižje poklicno","3. letnik","21 let in veè",3,3,-,1,1,-,-,-,-,-,-,-,-,-,-,1,-,1,-,-,-,3,1,2,2,1,1,4,4,-,4,3,1,2,1,1
"Nižje poklicno","4. letnik","Starost - Skupaj",-,-,-,-,-,-,-,-,-,-,-,-,-,-,-,-,-,-,-,-,-,-,-,-,-,-,-,-,-,-,-,-,-,-,-,-
"Nižje poklicno","4. letnik","13 let ali manj",-,-,-,-,-,-,-,-,-,-,-,-,-,-,-,-,-,-,-,-,-,-,-,-,-,-,-,-,-,-,-,-,-,-,-,-
"Nižje poklicno","4. letnik","14 let",-,-,-,-,-,-,-,-,-,-,-,-,-,-,-,-,-,-,-,-,-,-,-,-,-,-,-,-,-,-,-,-,-,-,-,-
"Nižje poklicno","4. letnik","15 let",-,-,-,-,-,-,-,-,-,-,-,-,-,-,-,-,-,-,-,-,-,-,-,-,-,-,-,-,-,-,-,-,-,-,-,-
"Nižje poklicno","4. letnik","16 let",-,-,-,-,-,-,-,-,-,-,-,-,-,-,-,-,-,-,-,-,-,-,-,-,-,-,-,-,-,-,-,-,-,-,-,-
"Nižje poklicno","4. letnik","17 let",-,-,-,-,-,-,-,-,-,-,-,-,-,-,-,-,-,-,-,-,-,-,-,-,-,-,-,-,-,-,-,-,-,-,-,-
"Nižje poklicno","4. letnik","18 let",-,-,-,-,-,-,-,-,-,-,-,-,-,-,-,-,-,-,-,-,-,-,-,-,-,-,-,-,-,-,-,-,-,-,-,-
"Nižje poklicno","4. letnik","19 let",-,-,-,-,-,-,-,-,-,-,-,-,-,-,-,-,-,-,-,-,-,-,-,-,-,-,-,-,-,-,-,-,-,-,-,-
"Nižje poklicno","4. letnik","20 let",-,-,-,-,-,-,-,-,-,-,-,-,-,-,-,-,-,-,-,-,-,-,-,-,-,-,-,-,-,-,-,-,-,-,-,-
"Nižje poklicno","4. letnik","21 let in veè",-,-,-,-,-,-,-,-,-,-,-,-,-,-,-,-,-,-,-,-,-,-,-,-,-,-,-,-,-,-,-,-,-,-,-,-
"Nižje poklicno","5. letnik","Starost - Skupaj",-,-,-,-,-,-,-,-,-,-,-,-,-,-,-,-,-,-,-,-,-,-,-,-,-,-,-,-,-,-,-,-,-,-,-,-
"Nižje poklicno","5. letnik","13 let ali manj",-,-,-,-,-,-,-,-,-,-,-,-,-,-,-,-,-,-,-,-,-,-,-,-,-,-,-,-,-,-,-,-,-,-,-,-
"Nižje poklicno","5. letnik","14 let",-,-,-,-,-,-,-,-,-,-,-,-,-,-,-,-,-,-,-,-,-,-,-,-,-,-,-,-,-,-,-,-,-,-,-,-
"Nižje poklicno","5. letnik","15 let",-,-,-,-,-,-,-,-,-,-,-,-,-,-,-,-,-,-,-,-,-,-,-,-,-,-,-,-,-,-,-,-,-,-,-,-
"Nižje poklicno","5. letnik","16 let",-,-,-,-,-,-,-,-,-,-,-,-,-,-,-,-,-,-,-,-,-,-,-,-,-,-,-,-,-,-,-,-,-,-,-,-
"Nižje poklicno","5. letnik","17 let",-,-,-,-,-,-,-,-,-,-,-,-,-,-,-,-,-,-,-,-,-,-,-,-,-,-,-,-,-,-,-,-,-,-,-,-
"Nižje poklicno","5. letnik","18 let",-,-,-,-,-,-,-,-,-,-,-,-,-,-,-,-,-,-,-,-,-,-,-,-,-,-,-,-,-,-,-,-,-,-,-,-
"Nižje poklicno","5. letnik","19 let",-,-,-,-,-,-,-,-,-,-,-,-,-,-,-,-,-,-,-,-,-,-,-,-,-,-,-,-,-,-,-,-,-,-,-,-
"Nižje poklicno","5. letnik","20 let",-,-,-,-,-,-,-,-,-,-,-,-,-,-,-,-,-,-,-,-,-,-,-,-,-,-,-,-,-,-,-,-,-,-,-,-
"Nižje poklicno","5. letnik","21 let in veè",-,-,-,-,-,-,-,-,-,-,-,-,-,-,-,-,-,-,-,-,-,-,-,-,-,-,-,-,-,-,-,-,-,-,-,-
"Srednje poklicno","Vsi letniki - SKUPAJ","Starost - Skupaj",12361,8666,3695,11900,8301,3599,11750,8188,3562,11684,8111,3573,11683,8069,3614,11763,8125,3638,11996,8264,3732,12283,8502,3781,12289,8574,3715,12191,8520,3671,12193,8498,3695,12015,8390,3625
"Srednje poklicno","Vsi letniki - SKUPAJ","13 let ali manj",1,-,1,11,10,1,1,1,-,5,2,3,1,1,-,-,-,-,-,-,-,-,-,-,-,-,-,-,-,-,-,-,-,-,-,-
"Srednje poklicno","Vsi letniki - SKUPAJ","14 let",108,69,39,72,42,30,46,34,12,22,14,8,4,3,1,9,5,4,13,11,2,8,6,2,7,3,4,7,5,2,6,5,1,7,4,3
"Srednje poklicno","Vsi letniki - SKUPAJ","15 let",2416,1675,741,2644,1863,781,2583,1817,766,2575,1702,873,2584,1798,786,2589,1821,768,2727,1911,816,2776,1936,840,2679,1908,771,2624,1873,751,2681,1911,770,2554,1820,734
"Srednje poklicno","Vsi letniki - SKUPAJ","16 let",3364,2402,962,3289,2325,964,3365,2356,1009,3263,2361,902,3165,2214,951,3243,2295,948,3345,2346,999,3457,2452,1005,3564,2526,1038,3508,2493,1015,3476,2473,1003,3492,2482,1010
"Srednje poklicno","Vsi letniki - SKUPAJ","17 let",3652,2573,1079,3368,2373,995,3405,2405,1000,3517,2476,1041,3574,2498,1076,3433,2377,1056,3542,2466,1076,3605,2519,1086,3727,2629,1098,3828,2687,1141,3730,2597,1133,3688,2617,1071
"Srednje poklicno","Vsi letniki - SKUPAJ","18 let",1650,1166,484,1419,974,445,1370,950,420,1355,946,409,1378,942,436,1515,1016,499,1376,924,452,1382,941,441,1388,944,444,1372,958,414,1452,1000,452,1438,966,472
"Srednje poklicno","Vsi letniki - SKUPAJ","19 let",685,468,217,607,404,203,568,370,198,545,349,196,599,391,208,627,401,226,633,391,242,613,389,224,534,336,198,522,343,179,560,360,200,532,334,198
"Srednje poklicno","Vsi letniki - SKUPAJ","20 let",308,197,111,307,194,113,267,168,99,245,162,83,215,126,89,192,119,73,222,137,85,242,140,102,215,134,81,187,103,84,168,104,64,218,126,92
"Srednje poklicno","Vsi letniki - SKUPAJ","21 let in veè",177,116,61,183,116,67,145,87,58,157,99,58,163,96,67,155,91,64,138,78,60,200,119,81,175,94,81,143,58,85,120,48,72,86,41,45
"Srednje poklicno","1. letnik","Starost - Skupaj",4348,3055,1293,4428,3113,1315,4397,3096,1301,4370,3043,1327,4386,3067,1319,4381,3122,1259,4559,3155,1404,4669,3272,1397,4669,3296,1373,4499,3145,1354,4575,3185,1390,4319,3044,1275
"Srednje poklicno","1. letnik","13 let ali manj",1,-,1,4,3,1,1,1,-,2,1,1,1,1,-,-,-,-,-,-,-,-,-,-,-,-,-,-,-,-,-,-,-,-,-,-
"Srednje poklicno","1. letnik","14 let",106,68,38,72,42,30,45,33,12,20,14,6,4,3,1,9,5,4,13,11,2,8,6,2,7,3,4,7,5,2,6,5,1,7,4,3
"Srednje poklicno","1. letnik","15 let",2306,1605,701,2545,1792,753,2504,1776,728,2436,1674,762,2566,1786,780,2586,1820,766,2718,1906,812,2766,1929,837,2670,1901,769,2619,1870,749,2677,1908,769,2549,1816,733
"Srednje poklicno","1. letnik","16 let",925,682,243,912,643,269,946,652,294,981,697,284,889,638,251,886,666,220,951,661,290,981,722,259,1047,761,286,1011,721,290,1075,766,309,986,718,268
"Srednje poklicno","1. letnik","17 let",429,297,132,413,287,126,494,353,141,524,379,145,521,362,159,473,338,135,500,338,162,435,298,137,506,348,158,481,319,162,473,310,163,429,304,125
"Srednje poklicno","1. letnik","18 let",324,230,94,265,187,78,224,154,70,238,165,73,228,159,69,248,173,75,220,142,78,252,165,87,233,154,79,252,163,89,214,130,84,210,131,79
"Srednje poklicno","1. letnik","19 let",156,107,49,118,84,34,110,78,32,95,63,32,92,64,28,98,66,32,88,54,34,112,76,36,105,64,41,69,42,27,87,49,38,80,44,36
"Srednje poklicno","1. letnik","20 let",54,34,20,63,43,20,48,32,16,35,27,8,34,23,11,30,20,10,32,25,7,53,32,21,40,27,13,30,17,13,26,13,13,42,24,18
"Srednje poklicno","1. letnik","21 let in veè",47,32,15,36,32,4,25,17,8,39,23,16,51,31,20,51,34,17,37,18,19,62,44,18,61,38,23,30,8,22,17,4,13,16,3,13
"Srednje poklicno","2. letnik","Starost - Skupaj",3934,2723,1211,3813,2658,1155,3827,2659,1168,3780,2628,1152,3852,2613,1239,3889,2635,1254,3942,2737,1205,3954,2736,1218,3984,2782,1202,4030,2829,1201,3896,2699,1197,3997,2776,1221
"Srednje poklicno","2. letnik","13 let ali manj",-,-,-,2,2,-,-,-,-,1,-,1,-,-,-,-,-,-,-,-,-,-,-,-,-,-,-,-,-,-,-,-,-,-,-,-
"Srednje poklicno","2. letnik","14 let",1,-,1,-,-,-,1,1,-,1,-,1,-,-,-,-,-,-,-,-,-,-,-,-,-,-,-,-,-,-,-,-,-,-,-,-
"Srednje poklicno","2. letnik","15 let",100,60,40,99,71,28,79,41,38,138,27,111,18,12,6,3,1,2,9,5,4,10,7,3,9,7,2,5,3,2,4,3,1,5,4,1
"Srednje poklicno","2. letnik","16 let",2311,1640,671,2273,1614,659,2313,1623,690,2219,1628,591,2248,1559,689,2345,1621,724,2391,1684,707,2469,1726,743,2510,1761,749,2488,1765,723,2396,1704,692,2503,1762,741
"Srednje poklicno","2. letnik","17 let",878,600,278,813,566,247,799,565,234,801,554,247,913,616,297,843,585,258,853,612,241,887,629,258,886,641,245,961,695,266,918,634,284,943,668,275
"Srednje poklicno","2. letnik","18 let",353,242,111,337,222,115,386,263,123,380,262,118,431,290,141,454,292,162,424,277,147,360,244,116,356,243,113,361,249,112,366,238,128,376,244,132
"Srednje poklicno","2. letnik","19 let",179,118,61,182,119,63,158,107,51,136,86,50,154,89,65,157,84,73,170,101,69,143,87,56,129,75,54,123,77,46,156,93,63,122,74,48
"Srednje poklicno","2. letnik","20 let",77,43,34,69,41,28,56,35,21,62,40,22,49,22,27,48,28,20,61,38,23,46,25,21,54,34,20,47,23,24,31,18,13,37,19,18
"Srednje poklicno","2. letnik","21 let in veè",35,20,15,38,23,15,35,24,11,42,31,11,39,25,14,39,24,15,34,20,14,39,18,21,40,21,19,45,17,28,25,9,16,11,5,6
"Srednje poklicno","3. letnik","Starost - Skupaj",4065,2877,1188,3642,2523,1119,3511,2426,1085,3514,2427,1087,3424,2381,1043,3472,2357,1115,3479,2360,1119,3643,2484,1159,3610,2479,1131,3640,2536,1104,3702,2597,1105,3676,2551,1125
"Srednje poklicno","3. letnik","13 let ali manj",-,-,-,5,5,-,-,-,-,1,1,-,-,-,-,-,-,-,-,-,-,-,-,-,-,-,-,-,-,-,-,-,-,-,-,-
"Srednje poklicno","3. letnik","14 let",1,1,-,-,-,-,-,-,-,1,-,1,-,-,-,-,-,-,-,-,-,-,-,-,-,-,-,-,-,-,-,-,-,-,-,-
"Srednje poklicno","3. letnik","15 let",10,10,-,-,-,-,-,-,-,1,1,-,-,-,-,-,-,-,-,-,-,-,-,-,-,-,-,-,-,-,-,-,-,-,-,-
"Srednje poklicno","3. letnik","16 let",128,80,48,104,68,36,106,81,25,63,36,27,28,17,11,12,8,4,3,1,2,7,4,3,7,4,3,9,7,2,5,3,2,3,2,1
"Srednje poklicno","3. letnik","17 let",2345,1676,669,2142,1520,622,2112,1487,625,2192,1543,649,2139,1520,619,2117,1454,663,2189,1516,673,2283,1592,691,2335,1640,695,2386,1673,713,2339,1653,686,2315,1644,671
"Srednje poklicno","3. letnik","18 let",970,691,279,814,562,252,760,533,227,734,516,218,716,490,226,805,547,258,731,504,227,763,528,235,788,540,248,754,542,212,863,623,240,844,585,259
"Srednje poklicno","3. letnik","19 let",344,240,104,303,200,103,295,184,111,305,194,111,345,235,110,366,247,119,366,229,137,355,224,131,294,192,102,321,220,101,313,215,98,325,211,114
"Srednje poklicno","3. letnik","20 let",176,119,57,171,109,62,160,98,62,143,92,51,129,80,49,113,71,42,125,71,54,142,82,60,118,71,47,107,62,45,106,69,37,136,81,55
"Srednje poklicno","3. letnik","21 let in veè",91,60,31,103,59,44,78,43,35,74,44,30,67,39,28,59,30,29,65,39,26,93,54,39,68,32,36,63,32,31,76,34,42,53,28,25
"Srednje poklicno","4. letnik","Starost - Skupaj",14,11,3,17,7,10,15,7,8,20,13,7,21,8,13,21,11,10,16,12,4,17,10,7,26,17,9,22,10,12,20,17,3,23,19,4
"Srednje poklicno","4. letnik","13 let ali manj",-,-,-,-,-,-,-,-,-,1,-,1,-,-,-,-,-,-,-,-,-,-,-,-,-,-,-,-,-,-,-,-,-,-,-,-
"Srednje poklicno","4. letnik","14 let",-,-,-,-,-,-,-,-,-,-,-,-,-,-,-,-,-,-,-,-,-,-,-,-,-,-,-,-,-,-,-,-,-,-,-,-
"Srednje poklicno","4. letnik","15 let",-,-,-,-,-,-,-,-,-,-,-,-,-,-,-,-,-,-,-,-,-,-,-,-,-,-,-,-,-,-,-,-,-,-,-,-
"Srednje poklicno","4. letnik","16 let",-,-,-,-,-,-,-,-,-,-,-,-,-,-,-,-,-,-,-,-,-,-,-,-,-,-,-,-,-,-,-,-,-,-,-,-
"Srednje poklicno","4. letnik","17 let",-,-,-,-,-,-,-,-,-,-,-,-,1,-,1,-,-,-,-,-,-,-,-,-,-,-,-,-,-,-,-,-,-,1,1,-
"Srednje poklicno","4. letnik","18 let",3,3,-,3,3,-,-,-,-,3,3,-,3,3,-,8,4,4,1,1,-,7,4,3,11,7,4,5,4,1,9,9,-,8,6,2
"Srednje poklicno","4. letnik","19 let",6,3,3,4,1,3,5,1,4,9,6,3,8,3,5,6,4,2,9,7,2,3,2,1,6,5,1,9,4,5,4,3,1,5,5,-
"Srednje poklicno","4. letnik","20 let",1,1,-,4,1,3,3,3,-,5,3,2,3,1,2,1,-,1,4,3,1,1,1,-,3,2,1,3,1,2,5,4,1,3,2,1
"Srednje poklicno","4. letnik","21 let in veè",4,4,-,6,2,4,7,3,4,2,1,1,6,1,5,6,3,3,2,1,1,6,3,3,6,3,3,5,1,4,2,1,1,6,5,1
"Srednje poklicno","5. letnik","Starost - Skupaj",-,-,-,-,-,-,-,-,-,-,-,-,-,-,-,-,-,-,-,-,-,-,-,-,-,-,-,-,-,-,-,-,-,-,-,-
"Srednje poklicno","5. letnik","13 let ali manj",-,-,-,-,-,-,-,-,-,-,-,-,-,-,-,-,-,-,-,-,-,-,-,-,-,-,-,-,-,-,-,-,-,-,-,-
"Srednje poklicno","5. letnik","14 let",-,-,-,-,-,-,-,-,-,-,-,-,-,-,-,-,-,-,-,-,-,-,-,-,-,-,-,-,-,-,-,-,-,-,-,-
"Srednje poklicno","5. letnik","15 let",-,-,-,-,-,-,-,-,-,-,-,-,-,-,-,-,-,-,-,-,-,-,-,-,-,-,-,-,-,-,-,-,-,-,-,-
"Srednje poklicno","5. letnik","16 let",-,-,-,-,-,-,-,-,-,-,-,-,-,-,-,-,-,-,-,-,-,-,-,-,-,-,-,-,-,-,-,-,-,-,-,-
"Srednje poklicno","5. letnik","17 let",-,-,-,-,-,-,-,-,-,-,-,-,-,-,-,-,-,-,-,-,-,-,-,-,-,-,-,-,-,-,-,-,-,-,-,-
"Srednje poklicno","5. letnik","18 let",-,-,-,-,-,-,-,-,-,-,-,-,-,-,-,-,-,-,-,-,-,-,-,-,-,-,-,-,-,-,-,-,-,-,-,-
"Srednje poklicno","5. letnik","19 let",-,-,-,-,-,-,-,-,-,-,-,-,-,-,-,-,-,-,-,-,-,-,-,-,-,-,-,-,-,-,-,-,-,-,-,-
"Srednje poklicno","5. letnik","20 let",-,-,-,-,-,-,-,-,-,-,-,-,-,-,-,-,-,-,-,-,-,-,-,-,-,-,-,-,-,-,-,-,-,-,-,-
"Srednje poklicno","5. letnik","21 let in veè",-,-,-,-,-,-,-,-,-,-,-,-,-,-,-,-,-,-,-,-,-,-,-,-,-,-,-,-,-,-,-,-,-,-,-,-
"Srednje tehniško in drugo strokovno","Vsi letniki - SKUPAJ","Starost - Skupaj",36561,19962,16599,35983,19769,16214,35241,19245,15996,34687,18926,15761,34670,18928,15742,34451,18678,15773,34573,18694,15879,34369,18573,15796,34408,18493,15915,34281,18454,15827,34199,18429,15770,34818,18871,15947
"Srednje tehniško in drugo strokovno","Vsi letniki - SKUPAJ","13 let ali manj",3,1,2,4,2,2,1,-,1,5,4,1,1,1,-,-,-,-,-,-,-,-,-,-,-,-,-,-,-,-,-,-,-,-,-,-
"Srednje tehniško in drugo strokovno","Vsi letniki - SKUPAJ","14 let",409,187,222,305,155,150,151,59,92,31,13,18,15,9,6,21,13,8,23,5,18,24,12,12,12,8,4,25,6,19,19,4,15,16,4,12
"Srednje tehniško in drugo strokovno","Vsi letniki - SKUPAJ","15 let",7352,3880,3472,7239,3913,3326,7505,4077,3428,7004,3683,3321,7305,3918,3387,7068,3792,3276,7520,3946,3574,7022,3699,3323,7183,3756,3427,6900,3607,3293,7161,3695,3466,7298,3854,3444
"Srednje tehniško in drugo strokovno","Vsi letniki - SKUPAJ","16 let",7572,4025,3547,7497,3954,3543,7246,3764,3482,7563,3959,3604,7385,3854,3531,7540,3969,3571,7299,3847,3452,7741,4000,3741,7506,3935,3571,7515,3901,3614,7305,3772,3533,7658,3925,3733
"Srednje tehniško in drugo strokovno","Vsi letniki - SKUPAJ","17 let",7362,3911,3451,7653,4003,3650,7397,3897,3500,7364,3885,3479,7432,3881,3551,7345,3767,3578,7457,3904,3553,7186,3762,3424,7703,3952,3751,7455,3885,3570,7391,3828,3563,7252,3722,3530
"Srednje tehniško in drugo strokovno","Vsi letniki - SKUPAJ","18 let",8424,4776,3648,8289,4715,3574,8520,4711,3809,8476,4793,3683,8272,4635,3637,8399,4683,3716,8389,4624,3765,8575,4743,3832,8376,4630,3746,8862,4832,4030,8677,4832,3845,8753,4860,3893
"Srednje tehniško in drugo strokovno","Vsi letniki - SKUPAJ","19 let",3614,2139,1475,3209,2033,1176,2922,1838,1084,2703,1741,962,2887,1857,1030,2768,1743,1025,2646,1680,966,2623,1668,955,2566,1615,951,2503,1642,861,2636,1710,926,2858,1891,967
"Srednje tehniško in drugo strokovno","Vsi letniki - SKUPAJ","20 let",1052,641,411,1013,575,438,902,557,345,860,498,362,756,471,285,703,434,269,739,440,299,740,451,289,644,387,257,657,389,268,631,389,242,659,433,226
"Srednje tehniško in drugo strokovno","Vsi letniki - SKUPAJ","21 let in veè",773,402,371,774,419,355,597,342,255,681,350,331,617,302,315,607,277,330,500,248,252,458,238,220,418,210,208,364,192,172,379,199,180,324,182,142
"Srednje tehniško in drugo strokovno","1. letnik","Starost - Skupaj",8405,4507,3898,8249,4442,3807,8250,4348,3902,8059,4276,3783,8332,4478,3854,8091,4329,3762,8476,4457,4019,8049,4271,3778,8308,4370,3938,8003,4185,3818,8283,4326,3957,8313,4413,3900
"Srednje tehniško in drugo strokovno","1. letnik","13 let ali manj",3,1,2,-,-,-,1,-,1,1,1,-,-,-,-,-,-,-,-,-,-,-,-,-,-,-,-,-,-,-,-,-,-,-,-,-
"Srednje tehniško in drugo strokovno","1. letnik","14 let",395,181,214,303,155,148,148,56,92,30,13,17,15,9,6,21,13,8,23,5,18,24,12,12,12,8,4,25,6,19,19,4,15,16,4,12
"Srednje tehniško in drugo strokovno","1. letnik","15 let",6898,3704,3194,6886,3750,3136,7025,3736,3289,6863,3629,3234,7273,3907,3366,7052,3782,3270,7498,3933,3565,7001,3692,3309,7161,3746,3415,6890,3600,3290,7135,3689,3446,7281,3852,3429
"Srednje tehniško in drugo strokovno","1. letnik","16 let",785,413,372,802,403,399,861,452,409,865,458,407,805,439,366,788,435,353,735,396,339,818,452,366,912,509,403,878,459,419,953,547,406,842,459,383
"Srednje tehniško in drugo strokovno","1. letnik","17 let",213,152,61,135,71,64,123,60,63,152,83,69,129,72,57,124,62,62,123,71,52,116,72,44,141,73,68,142,87,55,128,63,65,125,75,50
"Srednje tehniško in drugo strokovno","1. letnik","18 let",58,29,29,45,20,25,53,18,35,84,59,25,52,20,32,45,13,32,46,26,20,43,22,21,39,18,21,39,21,18,32,18,14,35,18,17
"Srednje tehniško in drugo strokovno","1. letnik","19 let",20,11,9,29,15,14,21,15,6,22,8,14,21,9,12,25,10,15,17,8,9,16,8,8,18,6,12,13,6,7,6,2,4,8,2,6
"Srednje tehniško in drugo strokovno","1. letnik","20 let",15,7,8,23,12,11,8,5,3,11,6,5,9,4,5,9,3,6,9,5,4,11,4,7,8,3,5,6,3,3,2,1,1,5,3,2
"Srednje tehniško in drugo strokovno","1. letnik","21 let in veè",18,9,9,26,16,10,10,6,4,31,19,12,28,18,10,27,11,16,25,13,12,20,9,11,17,7,10,10,3,7,8,2,6,1,-,1
"Srednje tehniško in drugo strokovno","2. letnik","Starost - Skupaj",7910,4182,3728,7868,4171,3697,7706,4114,3592,7742,4055,3687,7630,3968,3662,7878,4143,3735,7667,4049,3618,7979,4131,3848,7719,4030,3689,7826,4085,3741,7435,3810,3625,7847,4036,3811
"Srednje tehniško in drugo strokovno","2. letnik","13 let ali manj",-,-,-,1,-,1,-,-,-,1,1,-,-,-,-,-,-,-,-,-,-,-,-,-,-,-,-,-,-,-,-,-,-,-,-,-
"Srednje tehniško in drugo strokovno","2. letnik","14 let",10,4,6,2,-,2,3,3,-,-,-,-,-,-,-,-,-,-,-,-,-,-,-,-,-,-,-,-,-,-,-,-,-,-,-,-
"Srednje tehniško in drugo strokovno","2. letnik","15 let",448,173,275,331,145,186,479,341,138,141,54,87,32,11,21,16,10,6,22,13,9,21,7,14,22,10,12,10,7,3,26,6,20,17,2,15
"Srednje tehniško in drugo strokovno","2. letnik","16 let",6362,3423,2939,6174,3288,2886,6048,3159,2889,6416,3358,3058,6413,3341,3072,6721,3524,3197,6548,3441,3107,6904,3538,3366,6574,3420,3154,6618,3434,3184,6339,3215,3124,6790,3459,3331
"Srednje tehniško in drugo strokovno","2. letnik","17 let",886,461,425,1044,530,514,943,490,453,981,534,447,956,502,454,923,485,438,881,490,391,853,476,377,939,521,418,1013,567,446,917,509,408,918,516,402
"Srednje tehniško in drugo strokovno","2. letnik","18 let",145,89,56,254,178,76,147,83,64,148,79,69,176,88,88,157,90,67,145,71,74,136,77,59,124,51,73,131,58,73,120,69,51,100,47,53
"Srednje tehniško in drugo strokovno","2. letnik","19 let",35,22,13,49,24,25,48,18,30,36,18,18,31,14,17,41,22,19,50,22,28,36,17,19,38,20,18,34,12,22,29,10,19,16,9,7
"Srednje tehniško in drugo strokovno","2. letnik","20 let",14,5,9,8,4,4,20,9,11,11,5,6,12,6,6,9,6,3,14,8,6,18,7,11,9,2,7,13,4,9,2,-,2,1,1,-
"Srednje tehniško in drugo strokovno","2. letnik","21 let in veè",10,5,5,5,2,3,18,11,7,8,6,2,10,6,4,11,6,5,7,4,3,11,9,2,13,6,7,7,3,4,2,1,1,5,2,3
"Srednje tehniško in drugo strokovno","3. letnik","Starost - Skupaj",7354,3881,3473,7543,3925,3618,7478,3945,3533,7440,3933,3507,7423,3880,3543,7382,3804,3578,7617,3982,3635,7320,3815,3505,7650,3925,3725,7386,3838,3548,7533,3919,3614,7271,3718,3553
"Srednje tehniško in drugo strokovno","3. letnik","13 let ali manj",-,-,-,1,-,1,-,-,-,-,-,-,-,-,-,-,-,-,-,-,-,-,-,-,-,-,-,-,-,-,-,-,-,-,-,-
"Srednje tehniško in drugo strokovno","3. letnik","14 let",1,1,-,-,-,-,-,-,-,-,-,-,-,-,-,-,-,-,-,-,-,-,-,-,-,-,-,-,-,-,-,-,-,-,-,-
"Srednje tehniško in drugo strokovno","3. letnik","15 let",6,3,3,22,18,4,1,-,1,-,-,-,-,-,-,-,-,-,-,-,-,-,-,-,-,-,-,-,-,-,-,-,-,-,-,-
"Srednje tehniško in drugo strokovno","3. letnik","16 let",423,188,235,517,261,256,337,153,184,280,143,137,167,74,93,31,10,21,16,10,6,19,10,9,20,6,14,19,8,11,13,10,3,26,7,19
"Srednje tehniško in drugo strokovno","3. letnik","17 let",5766,3051,2715,5834,3062,2772,5871,3125,2746,5862,3094,2768,6039,3146,2893,6139,3157,2982,6411,3322,3089,6200,3202,2998,6600,3345,3255,6268,3217,3051,6320,3242,3078,6196,3122,3074
"Srednje tehniško in drugo strokovno","3. letnik","18 let",971,528,443,968,467,501,1058,551,507,1058,580,478,982,533,449,996,530,466,964,531,433,885,500,385,859,489,370,941,538,403,1030,587,443,901,506,395
"Srednje tehniško in drugo strokovno","3. letnik","19 let",143,89,54,157,96,61,158,87,71,153,84,69,166,94,72,151,81,70,148,86,62,142,73,69,124,64,60,119,57,62,132,65,67,118,70,48
"Srednje tehniško in drugo strokovno","3. letnik","20 let",35,16,19,31,17,14,42,22,20,45,13,32,44,23,21,32,16,16,47,23,24,48,19,29,28,15,13,32,15,17,29,11,18,24,11,13
"Srednje tehniško in drugo strokovno","3. letnik","21 let in veè",9,5,4,13,4,9,11,7,4,42,19,23,25,10,15,33,10,23,31,10,21,26,11,15,19,6,13,7,3,4,9,4,5,6,2,4
"Srednje tehniško in drugo strokovno","4. letnik","Starost - Skupaj",10107,5805,4302,9804,5671,4133,9550,5394,4156,9406,5378,4028,9376,5378,3998,9216,5225,3991,9111,5108,4003,9400,5282,4118,9102,5104,3998,9397,5194,4203,9248,5198,4050,9642,5472,4170
"Srednje tehniško in drugo strokovno","4. letnik","13 let ali manj",-,-,-,2,2,-,-,-,-,1,1,-,-,-,-,-,-,-,-,-,-,-,-,-,-,-,-,-,-,-,-,-,-,-,-,-
"Srednje tehniško in drugo strokovno","4. letnik","14 let",3,1,2,-,-,-,-,-,-,-,-,-,-,-,-,-,-,-,-,-,-,-,-,-,-,-,-,-,-,-,-,-,-,-,-,-
"Srednje tehniško in drugo strokovno","4. letnik","15 let",-,-,-,-,-,-,-,-,-,-,-,-,-,-,-,-,-,-,-,-,-,-,-,-,-,-,-,-,-,-,-,-,-,-,-,-
"Srednje tehniško in drugo strokovno","4. letnik","16 let",2,1,1,4,2,2,-,-,-,2,-,2,-,-,-,-,-,-,-,-,-,-,-,-,-,-,-,-,-,-,-,-,-,-,-,-
"Srednje tehniško in drugo strokovno","4. letnik","17 let",494,247,247,627,337,290,459,222,237,369,174,195,306,160,146,159,63,96,42,21,21,17,12,5,23,13,10,32,14,18,26,14,12,13,9,4
"Srednje tehniško in drugo strokovno","4. letnik","18 let",7110,4061,3049,6922,3977,2945,7171,4002,3169,7131,4041,3090,7008,3956,3052,7163,4030,3133,7216,3988,3228,7503,4138,3365,7354,4072,3282,7749,4213,3536,7488,4154,3334,7710,4284,3426
"Srednje tehniško in drugo strokovno","4. letnik","19 let",1799,1026,773,1582,982,600,1384,830,554,1328,823,505,1525,947,578,1402,847,555,1386,820,566,1394,841,553,1286,775,511,1224,743,481,1354,820,534,1505,933,572
"Srednje tehniško in drugo strokovno","4. letnik","20 let",443,301,142,429,215,214,344,221,123,370,220,150,347,217,130,341,200,141,319,199,120,338,210,128,281,165,116,274,156,118,273,151,122,298,182,116
"Srednje tehniško in drugo strokovno","4. letnik","21 let in veè",256,168,88,238,156,82,192,119,73,205,119,86,190,98,92,151,85,66,148,80,68,148,81,67,158,79,79,118,68,50,107,59,48,116,64,52
"Srednje tehniško in drugo strokovno","5. letnik","Starost - Skupaj",2785,1587,1198,2519,1560,959,2257,1444,813,2040,1284,756,1909,1224,685,1884,1177,707,1702,1098,604,1621,1074,547,1629,1064,565,1669,1152,517,1700,1176,524,1745,1232,513
"Srednje tehniško in drugo strokovno","5. letnik","13 let ali manj",-,-,-,-,-,-,-,-,-,2,1,1,1,1,-,-,-,-,-,-,-,-,-,-,-,-,-,-,-,-,-,-,-,-,-,-
"Srednje tehniško in drugo strokovno","5. letnik","14 let",-,-,-,-,-,-,-,-,-,1,-,1,-,-,-,-,-,-,-,-,-,-,-,-,-,-,-,-,-,-,-,-,-,-,-,-
"Srednje tehniško in drugo strokovno","5. letnik","15 let",-,-,-,-,-,-,-,-,-,-,-,-,-,-,-,-,-,-,-,-,-,-,-,-,-,-,-,-,-,-,-,-,-,-,-,-
"Srednje tehniško in drugo strokovno","5. letnik","16 let",-,-,-,-,-,-,-,-,-,-,-,-,-,-,-,-,-,-,-,-,-,-,-,-,-,-,-,-,-,-,-,-,-,-,-,-
"Srednje tehniško in drugo strokovno","5. letnik","17 let",3,-,3,13,3,10,1,-,1,-,-,-,2,1,1,-,-,-,-,-,-,-,-,-,-,-,-,-,-,-,-,-,-,-,-,-
"Srednje tehniško in drugo strokovno","5. letnik","18 let",140,69,71,100,73,27,91,57,34,55,34,21,54,38,16,38,20,18,18,8,10,8,6,2,-,-,-,2,2,-,7,4,3,7,5,2
"Srednje tehniško in drugo strokovno","5. letnik","19 let",1617,991,626,1392,916,476,1311,888,423,1164,808,356,1144,793,351,1149,783,366,1045,744,301,1035,729,306,1100,750,350,1113,824,289,1115,813,302,1211,877,334
"Srednje tehniško in drugo strokovno","5. letnik","20 let",545,312,233,522,327,195,488,300,188,423,254,169,344,221,123,312,209,103,350,205,145,325,211,114,318,202,116,332,211,121,325,226,99,331,236,95
"Srednje tehniško in drugo strokovno","5. letnik","21 let in veè",480,215,265,492,241,251,366,199,167,395,187,208,364,170,194,385,165,220,289,141,148,253,128,125,211,112,99,222,115,107,253,133,120,196,114,82
"…srednje tehniško in dr. strokovno (4-letni program)","Vsi letniki - SKUPAJ","Starost - Skupaj",30910,16373,14537,30715,16225,14490,30542,16026,14516,30366,15970,14396,30483,16033,14450,30433,15911,14522,30818,16083,14735,30714,16030,14684,30798,15983,14815,30597,15836,14761,30435,15729,14706,30873,16019,14854
"…srednje tehniško in dr. strokovno (4-letni program)","Vsi letniki - SKUPAJ","13 let ali manj",3,1,2,2,-,2,1,-,1,3,3,-,-,-,-,-,-,-,-,-,-,-,-,-,-,-,-,-,-,-,-,-,-,-,-,-
"…srednje tehniško in dr. strokovno (4-letni program)","Vsi letniki - SKUPAJ","14 let",406,186,220,305,155,150,151,59,92,30,13,17,15,9,6,21,13,8,23,5,18,24,12,12,12,8,4,25,6,19,19,4,15,16,4,12
"…srednje tehniško in dr. strokovno (4-letni program)","Vsi letniki - SKUPAJ","15 let",7352,3880,3472,7239,3913,3326,7505,4077,3428,7004,3683,3321,7305,3918,3387,7068,3792,3276,7520,3946,3574,7022,3699,3323,7183,3756,3427,6900,3607,3293,7161,3695,3466,7298,3854,3444
"…srednje tehniško in dr. strokovno (4-letni program)","Vsi letniki - SKUPAJ","16 let",7571,4025,3546,7497,3954,3543,7246,3764,3482,7563,3959,3604,7385,3854,3531,7540,3969,3571,7299,3847,3452,7741,4000,3741,7506,3935,3571,7515,3901,3614,7305,3772,3533,7658,3925,3733
"…srednje tehniško in dr. strokovno (4-letni program)","Vsi letniki - SKUPAJ","17 let",7269,3848,3421,7554,3941,3613,7330,3852,3478,7300,3835,3465,7387,3853,3534,7319,3750,3569,7447,3895,3552,7185,3761,3424,7699,3949,3750,7446,3879,3567,7384,3822,3562,7249,3720,3529
"…srednje tehniško in dr. strokovno (4-letni program)","Vsi letniki - SKUPAJ","18 let",6649,3537,3112,6575,3449,3126,6970,3566,3404,7020,3684,3336,6748,3510,3238,7009,3609,3400,7065,3628,3437,7227,3747,3480,7027,3609,3418,7471,3790,3681,7201,3724,3477,7234,3725,3509
"…srednje tehniško in dr. strokovno (4-letni program)","Vsi letniki - SKUPAJ","19 let",1309,693,616,1152,635,517,1061,551,510,1070,593,477,1283,703,580,1140,614,526,1121,596,525,1150,630,520,1063,584,479,983,529,454,1127,603,524,1178,663,515
"…srednje tehniško in dr. strokovno (4-letni program)","Vsi letniki - SKUPAJ","20 let",249,148,101,291,124,167,197,109,88,248,128,120,240,133,107,203,108,95,218,114,104,237,122,115,193,96,97,198,98,100,176,81,95,173,93,80
"…srednje tehniško in dr. strokovno (4-letni program)","Vsi letniki - SKUPAJ","21 let in veè",102,55,47,100,54,46,81,48,33,128,72,56,120,53,67,133,56,77,125,52,73,128,59,69,115,46,69,59,26,33,62,28,34,67,35,32
"…srednje tehniško in dr. strokovno (4-letni program)","1. letnik","Starost - Skupaj",8405,4507,3898,8249,4442,3807,8250,4348,3902,8059,4276,3783,8332,4478,3854,8091,4329,3762,8476,4457,4019,8049,4271,3778,8308,4370,3938,8003,4185,3818,8283,4326,3957,8313,4413,3900
"…srednje tehniško in dr. strokovno (4-letni program)","1. letnik","13 let ali manj",3,1,2,-,-,-,1,-,1,1,1,-,-,-,-,-,-,-,-,-,-,-,-,-,-,-,-,-,-,-,-,-,-,-,-,-
"…srednje tehniško in dr. strokovno (4-letni program)","1. letnik","14 let",395,181,214,303,155,148,148,56,92,30,13,17,15,9,6,21,13,8,23,5,18,24,12,12,12,8,4,25,6,19,19,4,15,16,4,12
"…srednje tehniško in dr. strokovno (4-letni program)","1. letnik","15 let",6898,3704,3194,6886,3750,3136,7025,3736,3289,6863,3629,3234,7273,3907,3366,7052,3782,3270,7498,3933,3565,7001,3692,3309,7161,3746,3415,6890,3600,3290,7135,3689,3446,7281,3852,3429
"…srednje tehniško in dr. strokovno (4-letni program)","1. letnik","16 let",785,413,372,802,403,399,861,452,409,865,458,407,805,439,366,788,435,353,735,396,339,818,452,366,912,509,403,878,459,419,953,547,406,842,459,383
"…srednje tehniško in dr. strokovno (4-letni program)","1. letnik","17 let",213,152,61,135,71,64,123,60,63,152,83,69,129,72,57,124,62,62,123,71,52,116,72,44,141,73,68,142,87,55,128,63,65,125,75,50
"…srednje tehniško in dr. strokovno (4-letni program)","1. letnik","18 let",58,29,29,45,20,25,53,18,35,84,59,25,52,20,32,45,13,32,46,26,20,43,22,21,39,18,21,39,21,18,32,18,14,35,18,17
"…srednje tehniško in dr. strokovno (4-letni program)","1. letnik","19 let",20,11,9,29,15,14,21,15,6,22,8,14,21,9,12,25,10,15,17,8,9,16,8,8,18,6,12,13,6,7,6,2,4,8,2,6
"…srednje tehniško in dr. strokovno (4-letni program)","1. letnik","20 let",15,7,8,23,12,11,8,5,3,11,6,5,9,4,5,9,3,6,9,5,4,11,4,7,8,3,5,6,3,3,2,1,1,5,3,2
"…srednje tehniško in dr. strokovno (4-letni program)","1. letnik","21 let in veè",18,9,9,26,16,10,10,6,4,31,19,12,28,18,10,27,11,16,25,13,12,20,9,11,17,7,10,10,3,7,8,2,6,1,-,1
"…srednje tehniško in dr. strokovno (4-letni program)","2. letnik","Starost - Skupaj",7910,4182,3728,7868,4171,3697,7706,4114,3592,7742,4055,3687,7630,3968,3662,7878,4143,3735,7667,4049,3618,7979,4131,3848,7719,4030,3689,7826,4085,3741,7435,3810,3625,7847,4036,3811
"…srednje tehniško in dr. strokovno (4-letni program)","2. letnik","13 let ali manj",-,-,-,1,-,1,-,-,-,1,1,-,-,-,-,-,-,-,-,-,-,-,-,-,-,-,-,-,-,-,-,-,-,-,-,-
"…srednje tehniško in dr. strokovno (4-letni program)","2. letnik","14 let",10,4,6,2,-,2,3,3,-,-,-,-,-,-,-,-,-,-,-,-,-,-,-,-,-,-,-,-,-,-,-,-,-,-,-,-
"…srednje tehniško in dr. strokovno (4-letni program)","2. letnik","15 let",448,173,275,331,145,186,479,341,138,141,54,87,32,11,21,16,10,6,22,13,9,21,7,14,22,10,12,10,7,3,26,6,20,17,2,15
"…srednje tehniško in dr. strokovno (4-letni program)","2. letnik","16 let",6362,3423,2939,6174,3288,2886,6048,3159,2889,6416,3358,3058,6413,3341,3072,6721,3524,3197,6548,3441,3107,6904,3538,3366,6574,3420,3154,6618,3434,3184,6339,3215,3124,6790,3459,3331
"…srednje tehniško in dr. strokovno (4-letni program)","2. letnik","17 let",886,461,425,1044,530,514,943,490,453,981,534,447,956,502,454,923,485,438,881,490,391,853,476,377,939,521,418,1013,567,446,917,509,408,918,516,402
"…srednje tehniško in dr. strokovno (4-letni program)","2. letnik","18 let",145,89,56,254,178,76,147,83,64,148,79,69,176,88,88,157,90,67,145,71,74,136,77,59,124,51,73,131,58,73,120,69,51,100,47,53
"…srednje tehniško in dr. strokovno (4-letni program)","2. letnik","19 let",35,22,13,49,24,25,48,18,30,36,18,18,31,14,17,41,22,19,50,22,28,36,17,19,38,20,18,34,12,22,29,10,19,16,9,7
"…srednje tehniško in dr. strokovno (4-letni program)","2. letnik","20 let",14,5,9,8,4,4,20,9,11,11,5,6,12,6,6,9,6,3,14,8,6,18,7,11,9,2,7,13,4,9,2,-,2,1,1,-
"…srednje tehniško in dr. strokovno (4-letni program)","2. letnik","21 let in veè",10,5,5,5,2,3,18,11,7,8,6,2,10,6,4,11,6,5,7,4,3,11,9,2,13,6,7,7,3,4,2,1,1,5,2,3
"…srednje tehniško in dr. strokovno (4-letni program)","3. letnik","Starost - Skupaj",7354,3881,3473,7543,3925,3618,7478,3945,3533,7440,3933,3507,7423,3880,3543,7382,3804,3578,7617,3982,3635,7320,3815,3505,7650,3925,3725,7386,3838,3548,7533,3919,3614,7271,3718,3553
"…srednje tehniško in dr. strokovno (4-letni program)","3. letnik","13 let ali manj",-,-,-,1,-,1,-,-,-,-,-,-,-,-,-,-,-,-,-,-,-,-,-,-,-,-,-,-,-,-,-,-,-,-,-,-
"…srednje tehniško in dr. strokovno (4-letni program)","3. letnik","14 let",1,1,-,-,-,-,-,-,-,-,-,-,-,-,-,-,-,-,-,-,-,-,-,-,-,-,-,-,-,-,-,-,-,-,-,-
"…srednje tehniško in dr. strokovno (4-letni program)","3. letnik","15 let",6,3,3,22,18,4,1,-,1,-,-,-,-,-,-,-,-,-,-,-,-,-,-,-,-,-,-,-,-,-,-,-,-,-,-,-
"…srednje tehniško in dr. strokovno (4-letni program)","3. letnik","16 let",423,188,235,517,261,256,337,153,184,280,143,137,167,74,93,31,10,21,16,10,6,19,10,9,20,6,14,19,8,11,13,10,3,26,7,19
"…srednje tehniško in dr. strokovno (4-letni program)","3. letnik","17 let",5766,3051,2715,5834,3062,2772,5871,3125,2746,5862,3094,2768,6039,3146,2893,6139,3157,2982,6411,3322,3089,6200,3202,2998,6600,3345,3255,6268,3217,3051,6320,3242,3078,6196,3122,3074
"…srednje tehniško in dr. strokovno (4-letni program)","3. letnik","18 let",971,528,443,968,467,501,1058,551,507,1058,580,478,982,533,449,996,530,466,964,531,433,885,500,385,859,489,370,941,538,403,1030,587,443,901,506,395
"…srednje tehniško in dr. strokovno (4-letni program)","3. letnik","19 let",143,89,54,157,96,61,158,87,71,153,84,69,166,94,72,151,81,70,148,86,62,142,73,69,124,64,60,119,57,62,132,65,67,118,70,48
"…srednje tehniško in dr. strokovno (4-letni program)","3. letnik","20 let",35,16,19,31,17,14,42,22,20,45,13,32,44,23,21,32,16,16,47,23,24,48,19,29,28,15,13,32,15,17,29,11,18,24,11,13
"…srednje tehniško in dr. strokovno (4-letni program)","3. letnik","21 let in veè",9,5,4,13,4,9,11,7,4,42,19,23,25,10,15,33,10,23,31,10,21,26,11,15,19,6,13,7,3,4,9,4,5,6,2,4
"…srednje tehniško in dr. strokovno (4-letni program)","4. letnik","Starost - Skupaj",7235,3799,3436,7051,3685,3366,7104,3617,3487,7120,3704,3416,7096,3706,3390,7078,3634,3444,7055,3593,3462,7361,3808,3553,7119,3656,3463,7379,3725,3654,7179,3669,3510,7438,3849,3589
"…srednje tehniško in dr. strokovno (4-letni program)","4. letnik","13 let ali manj",-,-,-,-,-,-,-,-,-,1,1,-,-,-,-,-,-,-,-,-,-,-,-,-,-,-,-,-,-,-,-,-,-,-,-,-
"…srednje tehniško in dr. strokovno (4-letni program)","4. letnik","14 let",-,-,-,-,-,-,-,-,-,-,-,-,-,-,-,-,-,-,-,-,-,-,-,-,-,-,-,-,-,-,-,-,-,-,-,-
"…srednje tehniško in dr. strokovno (4-letni program)","4. letnik","15 let",-,-,-,-,-,-,-,-,-,-,-,-,-,-,-,-,-,-,-,-,-,-,-,-,-,-,-,-,-,-,-,-,-,-,-,-
"…srednje tehniško in dr. strokovno (4-letni program)","4. letnik","16 let",1,1,-,4,2,2,-,-,-,2,-,2,-,-,-,-,-,-,-,-,-,-,-,-,-,-,-,-,-,-,-,-,-,-,-,-
"…srednje tehniško in dr. strokovno (4-letni program)","4. letnik","17 let",404,184,220,541,278,263,393,177,216,305,124,181,263,133,130,133,46,87,32,12,20,16,11,5,19,10,9,23,8,15,19,8,11,10,7,3
"…srednje tehniško in dr. strokovno (4-letni program)","4. letnik","18 let",5475,2891,2584,5307,2783,2524,5712,2914,2798,5730,2966,2764,5538,2869,2669,5811,2976,2835,5910,3000,2910,6163,3148,3015,6005,3051,2954,6360,3173,3187,6019,3050,2969,6198,3154,3044
"…srednje tehniško in dr. strokovno (4-letni program)","4. letnik","19 let",1108,568,540,915,500,415,833,430,403,857,482,375,1064,586,478,920,500,420,904,478,426,954,530,424,882,493,389,817,454,363,958,524,434,1035,582,453
"…srednje tehniško in dr. strokovno (4-letni program)","4. letnik","20 let",183,119,64,228,90,138,125,72,53,178,103,75,174,99,75,153,83,70,148,78,70,158,90,68,147,75,72,144,73,71,143,69,74,143,78,65
"…srednje tehniško in dr. strokovno (4-letni program)","4. letnik","21 let in veè",64,36,28,56,32,24,41,24,17,47,28,19,57,19,38,61,29,32,61,25,36,70,29,41,66,27,39,35,17,18,40,18,22,52,28,24
"…srednje tehniško in dr. strokovno (4-letni program)","5. letnik","Starost - Skupaj",6,4,2,4,2,2,4,2,2,5,2,3,2,1,1,4,1,3,3,2,1,5,5,-,2,2,-,3,3,-,5,5,-,4,3,1
"…srednje tehniško in dr. strokovno (4-letni program)","5. letnik","13 let ali manj",-,-,-,-,-,-,-,-,-,-,-,-,-,-,-,-,-,-,-,-,-,-,-,-,-,-,-,-,-,-,-,-,-,-,-,-
"…srednje tehniško in dr. strokovno (4-letni program)","5. letnik","14 let",-,-,-,-,-,-,-,-,-,-,-,-,-,-,-,-,-,-,-,-,-,-,-,-,-,-,-,-,-,-,-,-,-,-,-,-
"…srednje tehniško in dr. strokovno (4-letni program)","5. letnik","15 let",-,-,-,-,-,-,-,-,-,-,-,-,-,-,-,-,-,-,-,-,-,-,-,-,-,-,-,-,-,-,-,-,-,-,-,-
"…srednje tehniško in dr. strokovno (4-letni program)","5. letnik","16 let",-,-,-,-,-,-,-,-,-,-,-,-,-,-,-,-,-,-,-,-,-,-,-,-,-,-,-,-,-,-,-,-,-,-,-,-
"…srednje tehniško in dr. strokovno (4-letni program)","5. letnik","17 let",-,-,-,-,-,-,-,-,-,-,-,-,-,-,-,-,-,-,-,-,-,-,-,-,-,-,-,-,-,-,-,-,-,-,-,-
"…srednje tehniško in dr. strokovno (4-letni program)","5. letnik","18 let",-,-,-,1,1,-,-,-,-,-,-,-,-,-,-,-,-,-,-,-,-,-,-,-,-,-,-,-,-,-,-,-,-,-,-,-
"…srednje tehniško in dr. strokovno (4-letni program)","5. letnik","19 let",3,3,-,2,-,2,1,1,-,2,1,1,1,-,1,3,1,2,2,2,-,2,2,-,1,1,-,-,-,-,2,2,-,1,-,1
"…srednje tehniško in dr. strokovno (4-letni program)","5. letnik","20 let",2,1,1,1,1,-,2,1,1,3,1,2,1,1,-,-,-,-,-,-,-,2,2,-,1,1,-,3,3,-,-,-,-,-,-,-
"…srednje tehniško in dr. strokovno (4-letni program)","5. letnik","21 let in veè",1,-,1,-,-,-,1,-,1,-,-,-,-,-,-,1,-,1,1,-,1,1,1,-,-,-,-,-,-,-,3,3,-,3,3,-
"…poklicno tehniško","Vsi letniki - SKUPAJ","Starost - Skupaj",5245,3462,1783,4839,3387,1452,4386,3084,1302,3955,2822,1133,3823,2749,1074,3655,2646,1009,3484,2534,950,3421,2451,970,3397,2448,949,3492,2538,954,3599,2623,976,3799,2788,1011
"…poklicno tehniško","Vsi letniki - SKUPAJ","13 let ali manj",-,-,-,2,2,-,-,-,-,-,-,-,-,-,-,-,-,-,-,-,-,-,-,-,-,-,-,-,-,-,-,-,-,-,-,-
"…poklicno tehniško","Vsi letniki - SKUPAJ","14 let",3,1,2,-,-,-,-,-,-,-,-,-,-,-,-,-,-,-,-,-,-,-,-,-,-,-,-,-,-,-,-,-,-,-,-,-
"…poklicno tehniško","Vsi letniki - SKUPAJ","15 let",-,-,-,-,-,-,-,-,-,-,-,-,-,-,-,-,-,-,-,-,-,-,-,-,-,-,-,-,-,-,-,-,-,-,-,-
"…poklicno tehniško","Vsi letniki - SKUPAJ","16 let",1,-,1,-,-,-,-,-,-,-,-,-,-,-,-,-,-,-,-,-,-,-,-,-,-,-,-,-,-,-,-,-,-,-,-,-
"…poklicno tehniško","Vsi letniki - SKUPAJ","17 let",92,63,29,99,62,37,66,45,21,64,50,14,44,28,16,26,17,9,10,9,1,1,1,-,4,3,1,9,6,3,7,6,1,3,2,1
"…poklicno tehniško","Vsi letniki - SKUPAJ","18 let",1763,1237,526,1706,1261,445,1539,1142,397,1450,1106,344,1521,1125,396,1386,1073,313,1323,996,327,1347,996,351,1349,1021,328,1391,1042,349,1475,1108,367,1518,1135,383
"…poklicno tehniško","Vsi letniki - SKUPAJ","19 let",2163,1398,765,1922,1345,577,1766,1248,518,1542,1119,423,1485,1113,372,1547,1104,443,1442,1068,374,1392,1010,382,1414,1009,405,1443,1076,367,1454,1088,366,1628,1208,420
"…poklicno tehniško","Vsi letniki - SKUPAJ","20 let",747,473,274,649,423,226,636,414,222,534,339,195,455,308,147,445,301,144,465,310,155,467,309,158,405,275,130,414,273,141,425,288,137,448,319,129
"…poklicno tehniško","Vsi letniki - SKUPAJ","21 let in veè",476,290,186,461,294,167,379,235,144,365,208,157,318,175,143,251,151,100,244,151,93,214,135,79,225,140,85,235,141,94,238,133,105,202,124,78
"…poklicno tehniško","1. letnik","Starost - Skupaj",-,-,-,-,-,-,-,-,-,-,-,-,-,-,-,-,-,-,-,-,-,-,-,-,-,-,-,-,-,-,-,-,-,-,-,-
"…poklicno tehniško","1. letnik","13 let ali manj",-,-,-,-,-,-,-,-,-,-,-,-,-,-,-,-,-,-,-,-,-,-,-,-,-,-,-,-,-,-,-,-,-,-,-,-
"…poklicno tehniško","1. letnik","14 let",-,-,-,-,-,-,-,-,-,-,-,-,-,-,-,-,-,-,-,-,-,-,-,-,-,-,-,-,-,-,-,-,-,-,-,-
"…poklicno tehniško","1. letnik","15 let",-,-,-,-,-,-,-,-,-,-,-,-,-,-,-,-,-,-,-,-,-,-,-,-,-,-,-,-,-,-,-,-,-,-,-,-
"…poklicno tehniško","1. letnik","16 let",-,-,-,-,-,-,-,-,-,-,-,-,-,-,-,-,-,-,-,-,-,-,-,-,-,-,-,-,-,-,-,-,-,-,-,-
"…poklicno tehniško","1. letnik","17 let",-,-,-,-,-,-,-,-,-,-,-,-,-,-,-,-,-,-,-,-,-,-,-,-,-,-,-,-,-,-,-,-,-,-,-,-
"…poklicno tehniško","1. letnik","18 let",-,-,-,-,-,-,-,-,-,-,-,-,-,-,-,-,-,-,-,-,-,-,-,-,-,-,-,-,-,-,-,-,-,-,-,-
"…poklicno tehniško","1. letnik","19 let",-,-,-,-,-,-,-,-,-,-,-,-,-,-,-,-,-,-,-,-,-,-,-,-,-,-,-,-,-,-,-,-,-,-,-,-
"…poklicno tehniško","1. letnik","20 let",-,-,-,-,-,-,-,-,-,-,-,-,-,-,-,-,-,-,-,-,-,-,-,-,-,-,-,-,-,-,-,-,-,-,-,-
"…poklicno tehniško","1. letnik","21 let in veè",-,-,-,-,-,-,-,-,-,-,-,-,-,-,-,-,-,-,-,-,-,-,-,-,-,-,-,-,-,-,-,-,-,-,-,-
"…poklicno tehniško","2. letnik","Starost - Skupaj",-,-,-,-,-,-,-,-,-,-,-,-,-,-,-,-,-,-,-,-,-,-,-,-,-,-,-,-,-,-,-,-,-,-,-,-
"…poklicno tehniško","2. letnik","13 let ali manj",-,-,-,-,-,-,-,-,-,-,-,-,-,-,-,-,-,-,-,-,-,-,-,-,-,-,-,-,-,-,-,-,-,-,-,-
"…poklicno tehniško","2. letnik","14 let",-,-,-,-,-,-,-,-,-,-,-,-,-,-,-,-,-,-,-,-,-,-,-,-,-,-,-,-,-,-,-,-,-,-,-,-
"…poklicno tehniško","2. letnik","15 let",-,-,-,-,-,-,-,-,-,-,-,-,-,-,-,-,-,-,-,-,-,-,-,-,-,-,-,-,-,-,-,-,-,-,-,-
"…poklicno tehniško","2. letnik","16 let",-,-,-,-,-,-,-,-,-,-,-,-,-,-,-,-,-,-,-,-,-,-,-,-,-,-,-,-,-,-,-,-,-,-,-,-
"…poklicno tehniško","2. letnik","17 let",-,-,-,-,-,-,-,-,-,-,-,-,-,-,-,-,-,-,-,-,-,-,-,-,-,-,-,-,-,-,-,-,-,-,-,-
"…poklicno tehniško","2. letnik","18 let",-,-,-,-,-,-,-,-,-,-,-,-,-,-,-,-,-,-,-,-,-,-,-,-,-,-,-,-,-,-,-,-,-,-,-,-
"…poklicno tehniško","2. letnik","19 let",-,-,-,-,-,-,-,-,-,-,-,-,-,-,-,-,-,-,-,-,-,-,-,-,-,-,-,-,-,-,-,-,-,-,-,-
"…poklicno tehniško","2. letnik","20 let",-,-,-,-,-,-,-,-,-,-,-,-,-,-,-,-,-,-,-,-,-,-,-,-,-,-,-,-,-,-,-,-,-,-,-,-
"…poklicno tehniško","2. letnik","21 let in veè",-,-,-,-,-,-,-,-,-,-,-,-,-,-,-,-,-,-,-,-,-,-,-,-,-,-,-,-,-,-,-,-,-,-,-,-
"…poklicno tehniško","3. letnik","Starost - Skupaj",-,-,-,-,-,-,-,-,-,-,-,-,-,-,-,-,-,-,-,-,-,-,-,-,-,-,-,-,-,-,-,-,-,-,-,-
"…poklicno tehniško","3. letnik","13 let ali manj",-,-,-,-,-,-,-,-,-,-,-,-,-,-,-,-,-,-,-,-,-,-,-,-,-,-,-,-,-,-,-,-,-,-,-,-
"…poklicno tehniško","3. letnik","14 let",-,-,-,-,-,-,-,-,-,-,-,-,-,-,-,-,-,-,-,-,-,-,-,-,-,-,-,-,-,-,-,-,-,-,-,-
"…poklicno tehniško","3. letnik","15 let",-,-,-,-,-,-,-,-,-,-,-,-,-,-,-,-,-,-,-,-,-,-,-,-,-,-,-,-,-,-,-,-,-,-,-,-
"…poklicno tehniško","3. letnik","16 let",-,-,-,-,-,-,-,-,-,-,-,-,-,-,-,-,-,-,-,-,-,-,-,-,-,-,-,-,-,-,-,-,-,-,-,-
"…poklicno tehniško","3. letnik","17 let",-,-,-,-,-,-,-,-,-,-,-,-,-,-,-,-,-,-,-,-,-,-,-,-,-,-,-,-,-,-,-,-,-,-,-,-
"…poklicno tehniško","3. letnik","18 let",-,-,-,-,-,-,-,-,-,-,-,-,-,-,-,-,-,-,-,-,-,-,-,-,-,-,-,-,-,-,-,-,-,-,-,-
"…poklicno tehniško","3. letnik","19 let",-,-,-,-,-,-,-,-,-,-,-,-,-,-,-,-,-,-,-,-,-,-,-,-,-,-,-,-,-,-,-,-,-,-,-,-
"…poklicno tehniško","3. letnik","20 let",-,-,-,-,-,-,-,-,-,-,-,-,-,-,-,-,-,-,-,-,-,-,-,-,-,-,-,-,-,-,-,-,-,-,-,-
"…poklicno tehniško","3. letnik","21 let in veè",-,-,-,-,-,-,-,-,-,-,-,-,-,-,-,-,-,-,-,-,-,-,-,-,-,-,-,-,-,-,-,-,-,-,-,-
"…poklicno tehniško","4. letnik","Starost - Skupaj",2872,2006,866,2753,1986,767,2446,1777,669,2286,1674,612,2280,1672,608,2138,1591,547,2056,1515,541,2039,1474,565,1983,1448,535,2018,1469,549,2069,1529,540,2204,1623,581
"…poklicno tehniško","4. letnik","13 let ali manj",-,-,-,2,2,-,-,-,-,-,-,-,-,-,-,-,-,-,-,-,-,-,-,-,-,-,-,-,-,-,-,-,-,-,-,-
"…poklicno tehniško","4. letnik","14 let",3,1,2,-,-,-,-,-,-,-,-,-,-,-,-,-,-,-,-,-,-,-,-,-,-,-,-,-,-,-,-,-,-,-,-,-
"…poklicno tehniško","4. letnik","15 let",-,-,-,-,-,-,-,-,-,-,-,-,-,-,-,-,-,-,-,-,-,-,-,-,-,-,-,-,-,-,-,-,-,-,-,-
"…poklicno tehniško","4. letnik","16 let",1,-,1,-,-,-,-,-,-,-,-,-,-,-,-,-,-,-,-,-,-,-,-,-,-,-,-,-,-,-,-,-,-,-,-,-
"…poklicno tehniško","4. letnik","17 let",90,63,27,86,59,27,66,45,21,64,50,14,43,27,16,26,17,9,10,9,1,1,1,-,4,3,1,9,6,3,7,6,1,3,2,1
"…poklicno tehniško","4. letnik","18 let",1635,1170,465,1615,1194,421,1459,1088,371,1401,1075,326,1470,1087,383,1352,1054,298,1306,988,318,1340,990,350,1349,1021,328,1389,1040,349,1469,1104,365,1512,1130,382
"…poklicno tehniško","4. letnik","19 let",691,458,233,667,482,185,551,400,151,471,341,130,461,361,100,482,347,135,482,342,140,440,311,129,404,282,122,407,289,118,396,296,100,470,351,119
"…poklicno tehniško","4. letnik","20 let",260,182,78,201,125,76,219,149,70,192,117,75,173,118,55,188,117,71,171,121,50,180,120,60,134,90,44,130,83,47,130,82,48,155,104,51
"…poklicno tehniško","4. letnik","21 let in veè",192,132,60,182,124,58,151,95,56,158,91,67,133,79,54,90,56,34,87,55,32,78,52,26,92,52,40,83,51,32,67,41,26,64,36,28
"…poklicno tehniško","5. letnik","Starost - Skupaj",2373,1456,917,2086,1401,685,1940,1307,633,1669,1148,521,1543,1077,466,1517,1055,462,1428,1019,409,1382,977,405,1414,1000,414,1474,1069,405,1530,1094,436,1595,1165,430
"…poklicno tehniško","5. letnik","13 let ali manj",-,-,-,-,-,-,-,-,-,-,-,-,-,-,-,-,-,-,-,-,-,-,-,-,-,-,-,-,-,-,-,-,-,-,-,-
"…poklicno tehniško","5. letnik","14 let",-,-,-,-,-,-,-,-,-,-,-,-,-,-,-,-,-,-,-,-,-,-,-,-,-,-,-,-,-,-,-,-,-,-,-,-
"…poklicno tehniško","5. letnik","15 let",-,-,-,-,-,-,-,-,-,-,-,-,-,-,-,-,-,-,-,-,-,-,-,-,-,-,-,-,-,-,-,-,-,-,-,-
"…poklicno tehniško","5. letnik","16 let",-,-,-,-,-,-,-,-,-,-,-,-,-,-,-,-,-,-,-,-,-,-,-,-,-,-,-,-,-,-,-,-,-,-,-,-
"…poklicno tehniško","5. letnik","17 let",2,-,2,13,3,10,-,-,-,-,-,-,1,1,-,-,-,-,-,-,-,-,-,-,-,-,-,-,-,-,-,-,-,-,-,-
"…poklicno tehniško","5. letnik","18 let",128,67,61,91,67,24,80,54,26,49,31,18,51,38,13,34,19,15,17,8,9,7,6,1,-,-,-,2,2,-,6,4,2,6,5,1
"…poklicno tehniško","5. letnik","19 let",1472,940,532,1255,863,392,1215,848,367,1071,778,293,1024,752,272,1065,757,308,960,726,234,952,699,253,1010,727,283,1036,787,249,1058,792,266,1158,857,301
"…poklicno tehniško","5. letnik","20 let",487,291,196,448,298,150,417,265,152,342,222,120,282,190,92,257,184,73,294,189,105,287,189,98,271,185,86,284,190,94,295,206,89,293,215,78
"…poklicno tehniško","5. letnik","21 let in veè",284,158,126,279,170,109,228,140,88,207,117,90,185,96,89,161,95,66,157,96,61,136,83,53,133,88,45,152,90,62,171,92,79,138,88,50
"…poklicni teèaj","Vsi letniki - SKUPAJ","Starost - Skupaj",406,127,279,429,157,272,313,135,178,366,134,232,364,146,218,363,121,242,271,77,194,234,92,142,213,62,151,192,80,112,165,77,88,146,64,82
"…poklicni teèaj","Vsi letniki - SKUPAJ","13 let ali manj",-,-,-,-,-,-,-,-,-,2,1,1,1,1,-,-,-,-,-,-,-,-,-,-,-,-,-,-,-,-,-,-,-,-,-,-
"…poklicni teèaj","Vsi letniki - SKUPAJ","14 let",-,-,-,-,-,-,-,-,-,1,-,1,-,-,-,-,-,-,-,-,-,-,-,-,-,-,-,-,-,-,-,-,-,-,-,-
"…poklicni teèaj","Vsi letniki - SKUPAJ","15 let",-,-,-,-,-,-,-,-,-,-,-,-,-,-,-,-,-,-,-,-,-,-,-,-,-,-,-,-,-,-,-,-,-,-,-,-
"…poklicni teèaj","Vsi letniki - SKUPAJ","16 let",-,-,-,-,-,-,-,-,-,-,-,-,-,-,-,-,-,-,-,-,-,-,-,-,-,-,-,-,-,-,-,-,-,-,-,-
"…poklicni teèaj","Vsi letniki - SKUPAJ","17 let",1,-,1,-,-,-,1,-,1,-,-,-,1,-,1,-,-,-,-,-,-,-,-,-,-,-,-,-,-,-,-,-,-,-,-,-
"…poklicni teèaj","Vsi letniki - SKUPAJ","18 let",12,2,10,8,5,3,11,3,8,6,3,3,3,-,3,4,1,3,1,-,1,1,-,1,-,-,-,-,-,-,1,-,1,1,-,1
"…poklicni teèaj","Vsi letniki - SKUPAJ","19 let",142,48,94,135,53,82,95,39,56,91,29,62,119,41,78,81,25,56,83,16,67,81,28,53,89,22,67,77,37,40,55,19,36,52,20,32
"…poklicni teèaj","Vsi letniki - SKUPAJ","20 let",56,20,36,73,28,45,69,34,35,78,31,47,61,30,31,55,25,30,56,16,40,36,20,16,46,16,30,45,18,27,30,20,10,38,21,17
"…poklicni teèaj","Vsi letniki - SKUPAJ","21 let in veè",195,57,138,213,71,142,137,59,78,188,70,118,179,74,105,223,70,153,131,45,86,116,44,72,78,24,54,70,25,45,79,38,41,55,23,32
"…poklicni teèaj","1. letnik","Starost - Skupaj",-,-,-,-,-,-,-,-,-,-,-,-,-,-,-,-,-,-,-,-,-,-,-,-,-,-,-,-,-,-,-,-,-,-,-,-
"…poklicni teèaj","1. letnik","13 let ali manj",-,-,-,-,-,-,-,-,-,-,-,-,-,-,-,-,-,-,-,-,-,-,-,-,-,-,-,-,-,-,-,-,-,-,-,-
"…poklicni teèaj","1. letnik","14 let",-,-,-,-,-,-,-,-,-,-,-,-,-,-,-,-,-,-,-,-,-,-,-,-,-,-,-,-,-,-,-,-,-,-,-,-
"…poklicni teèaj","1. letnik","15 let",-,-,-,-,-,-,-,-,-,-,-,-,-,-,-,-,-,-,-,-,-,-,-,-,-,-,-,-,-,-,-,-,-,-,-,-
"…poklicni teèaj","1. letnik","16 let",-,-,-,-,-,-,-,-,-,-,-,-,-,-,-,-,-,-,-,-,-,-,-,-,-,-,-,-,-,-,-,-,-,-,-,-
"…poklicni teèaj","1. letnik","17 let",-,-,-,-,-,-,-,-,-,-,-,-,-,-,-,-,-,-,-,-,-,-,-,-,-,-,-,-,-,-,-,-,-,-,-,-
"…poklicni teèaj","1. letnik","18 let",-,-,-,-,-,-,-,-,-,-,-,-,-,-,-,-,-,-,-,-,-,-,-,-,-,-,-,-,-,-,-,-,-,-,-,-
"…poklicni teèaj","1. letnik","19 let",-,-,-,-,-,-,-,-,-,-,-,-,-,-,-,-,-,-,-,-,-,-,-,-,-,-,-,-,-,-,-,-,-,-,-,-
"…poklicni teèaj","1. letnik","20 let",-,-,-,-,-,-,-,-,-,-,-,-,-,-,-,-,-,-,-,-,-,-,-,-,-,-,-,-,-,-,-,-,-,-,-,-
"…poklicni teèaj","1. letnik","21 let in veè",-,-,-,-,-,-,-,-,-,-,-,-,-,-,-,-,-,-,-,-,-,-,-,-,-,-,-,-,-,-,-,-,-,-,-,-
"…poklicni teèaj","2. letnik","Starost - Skupaj",-,-,-,-,-,-,-,-,-,-,-,-,-,-,-,-,-,-,-,-,-,-,-,-,-,-,-,-,-,-,-,-,-,-,-,-
"…poklicni teèaj","2. letnik","13 let ali manj",-,-,-,-,-,-,-,-,-,-,-,-,-,-,-,-,-,-,-,-,-,-,-,-,-,-,-,-,-,-,-,-,-,-,-,-
"…poklicni teèaj","2. letnik","14 let",-,-,-,-,-,-,-,-,-,-,-,-,-,-,-,-,-,-,-,-,-,-,-,-,-,-,-,-,-,-,-,-,-,-,-,-
"…poklicni teèaj","2. letnik","15 let",-,-,-,-,-,-,-,-,-,-,-,-,-,-,-,-,-,-,-,-,-,-,-,-,-,-,-,-,-,-,-,-,-,-,-,-
"…poklicni teèaj","2. letnik","16 let",-,-,-,-,-,-,-,-,-,-,-,-,-,-,-,-,-,-,-,-,-,-,-,-,-,-,-,-,-,-,-,-,-,-,-,-
"…poklicni teèaj","2. letnik","17 let",-,-,-,-,-,-,-,-,-,-,-,-,-,-,-,-,-,-,-,-,-,-,-,-,-,-,-,-,-,-,-,-,-,-,-,-
"…poklicni teèaj","2. letnik","18 let",-,-,-,-,-,-,-,-,-,-,-,-,-,-,-,-,-,-,-,-,-,-,-,-,-,-,-,-,-,-,-,-,-,-,-,-
"…poklicni teèaj","2. letnik","19 let",-,-,-,-,-,-,-,-,-,-,-,-,-,-,-,-,-,-,-,-,-,-,-,-,-,-,-,-,-,-,-,-,-,-,-,-
"…poklicni teèaj","2. letnik","20 let",-,-,-,-,-,-,-,-,-,-,-,-,-,-,-,-,-,-,-,-,-,-,-,-,-,-,-,-,-,-,-,-,-,-,-,-
"…poklicni teèaj","2. letnik","21 let in veè",-,-,-,-,-,-,-,-,-,-,-,-,-,-,-,-,-,-,-,-,-,-,-,-,-,-,-,-,-,-,-,-,-,-,-,-
"…poklicni teèaj","3. letnik","Starost - Skupaj",-,-,-,-,-,-,-,-,-,-,-,-,-,-,-,-,-,-,-,-,-,-,-,-,-,-,-,-,-,-,-,-,-,-,-,-
"…poklicni teèaj","3. letnik","13 let ali manj",-,-,-,-,-,-,-,-,-,-,-,-,-,-,-,-,-,-,-,-,-,-,-,-,-,-,-,-,-,-,-,-,-,-,-,-
"…poklicni teèaj","3. letnik","14 let",-,-,-,-,-,-,-,-,-,-,-,-,-,-,-,-,-,-,-,-,-,-,-,-,-,-,-,-,-,-,-,-,-,-,-,-
"…poklicni teèaj","3. letnik","15 let",-,-,-,-,-,-,-,-,-,-,-,-,-,-,-,-,-,-,-,-,-,-,-,-,-,-,-,-,-,-,-,-,-,-,-,-
"…poklicni teèaj","3. letnik","16 let",-,-,-,-,-,-,-,-,-,-,-,-,-,-,-,-,-,-,-,-,-,-,-,-,-,-,-,-,-,-,-,-,-,-,-,-
"…poklicni teèaj","3. letnik","17 let",-,-,-,-,-,-,-,-,-,-,-,-,-,-,-,-,-,-,-,-,-,-,-,-,-,-,-,-,-,-,-,-,-,-,-,-
"…poklicni teèaj","3. letnik","18 let",-,-,-,-,-,-,-,-,-,-,-,-,-,-,-,-,-,-,-,-,-,-,-,-,-,-,-,-,-,-,-,-,-,-,-,-
"…poklicni teèaj","3. letnik","19 let",-,-,-,-,-,-,-,-,-,-,-,-,-,-,-,-,-,-,-,-,-,-,-,-,-,-,-,-,-,-,-,-,-,-,-,-
"…poklicni teèaj","3. letnik","20 let",-,-,-,-,-,-,-,-,-,-,-,-,-,-,-,-,-,-,-,-,-,-,-,-,-,-,-,-,-,-,-,-,-,-,-,-
"…poklicni teèaj","3. letnik","21 let in veè",-,-,-,-,-,-,-,-,-,-,-,-,-,-,-,-,-,-,-,-,-,-,-,-,-,-,-,-,-,-,-,-,-,-,-,-
"…poklicni teèaj","4. letnik","Starost - Skupaj",-,-,-,-,-,-,-,-,-,-,-,-,-,-,-,-,-,-,-,-,-,-,-,-,-,-,-,-,-,-,-,-,-,-,-,-
"…poklicni teèaj","4. letnik","13 let ali manj",-,-,-,-,-,-,-,-,-,-,-,-,-,-,-,-,-,-,-,-,-,-,-,-,-,-,-,-,-,-,-,-,-,-,-,-
"…poklicni teèaj","4. letnik","14 let",-,-,-,-,-,-,-,-,-,-,-,-,-,-,-,-,-,-,-,-,-,-,-,-,-,-,-,-,-,-,-,-,-,-,-,-
"…poklicni teèaj","4. letnik","15 let",-,-,-,-,-,-,-,-,-,-,-,-,-,-,-,-,-,-,-,-,-,-,-,-,-,-,-,-,-,-,-,-,-,-,-,-
"…poklicni teèaj","4. letnik","16 let",-,-,-,-,-,-,-,-,-,-,-,-,-,-,-,-,-,-,-,-,-,-,-,-,-,-,-,-,-,-,-,-,-,-,-,-
"…poklicni teèaj","4. letnik","17 let",-,-,-,-,-,-,-,-,-,-,-,-,-,-,-,-,-,-,-,-,-,-,-,-,-,-,-,-,-,-,-,-,-,-,-,-
"…poklicni teèaj","4. letnik","18 let",-,-,-,-,-,-,-,-,-,-,-,-,-,-,-,-,-,-,-,-,-,-,-,-,-,-,-,-,-,-,-,-,-,-,-,-
"…poklicni teèaj","4. letnik","19 let",-,-,-,-,-,-,-,-,-,-,-,-,-,-,-,-,-,-,-,-,-,-,-,-,-,-,-,-,-,-,-,-,-,-,-,-
"…poklicni teèaj","4. letnik","20 let",-,-,-,-,-,-,-,-,-,-,-,-,-,-,-,-,-,-,-,-,-,-,-,-,-,-,-,-,-,-,-,-,-,-,-,-
"…poklicni teèaj","4. letnik","21 let in veè",-,-,-,-,-,-,-,-,-,-,-,-,-,-,-,-,-,-,-,-,-,-,-,-,-,-,-,-,-,-,-,-,-,-,-,-
"…poklicni teèaj","5. letnik","Starost - Skupaj",406,127,279,429,157,272,313,135,178,366,134,232,364,146,218,363,121,242,271,77,194,234,92,142,213,62,151,192,80,112,165,77,88,146,64,82
"…poklicni teèaj","5. letnik","13 let ali manj",-,-,-,-,-,-,-,-,-,2,1,1,1,1,-,-,-,-,-,-,-,-,-,-,-,-,-,-,-,-,-,-,-,-,-,-
"…poklicni teèaj","5. letnik","14 let",-,-,-,-,-,-,-,-,-,1,-,1,-,-,-,-,-,-,-,-,-,-,-,-,-,-,-,-,-,-,-,-,-,-,-,-
"…poklicni teèaj","5. letnik","15 let",-,-,-,-,-,-,-,-,-,-,-,-,-,-,-,-,-,-,-,-,-,-,-,-,-,-,-,-,-,-,-,-,-,-,-,-
"…poklicni teèaj","5. letnik","16 let",-,-,-,-,-,-,-,-,-,-,-,-,-,-,-,-,-,-,-,-,-,-,-,-,-,-,-,-,-,-,-,-,-,-,-,-
"…poklicni teèaj","5. letnik","17 let",1,-,1,-,-,-,1,-,1,-,-,-,1,-,1,-,-,-,-,-,-,-,-,-,-,-,-,-,-,-,-,-,-,-,-,-
"…poklicni teèaj","5. letnik","18 let",12,2,10,8,5,3,11,3,8,6,3,3,3,-,3,4,1,3,1,-,1,1,-,1,-,-,-,-,-,-,1,-,1,1,-,1
"…poklicni teèaj","5. letnik","19 let",142,48,94,135,53,82,95,39,56,91,29,62,119,41,78,81,25,56,83,16,67,81,28,53,89,22,67,77,37,40,55,19,36,52,20,32
"…poklicni teèaj","5. letnik","20 let",56,20,36,73,28,45,69,34,35,78,31,47,61,30,31,55,25,30,56,16,40,36,20,16,46,16,30,45,18,27,30,20,10,38,21,17
"…poklicni teèaj","5. letnik","21 let in veè",195,57,138,213,71,142,137,59,78,188,70,118,179,74,105,223,70,153,131,45,86,116,44,72,78,24,54,70,25,45,79,38,41,55,23,32
"Srednje splošno","Vsi letniki - SKUPAJ","Starost - Skupaj",35053,14304,20749,33509,13631,19878,32074,13121,18953,31037,12698,18339,29490,12093,17397,28210,11517,16693,27246,11013,16233,26369,10470,15899,26052,10253,15799,25591,9963,15628,25251,9710,15541,25912,9976,15936
"Srednje splošno","Vsi letniki - SKUPAJ","13 let ali manj",7,-,7,4,2,2,2,1,1,5,3,2,2,2,-,2,1,1,1,-,1,2,2,-,-,-,-,1,1,-,2,-,2,2,-,2
"Srednje splošno","Vsi letniki - SKUPAJ","14 let",644,207,437,512,191,321,254,85,169,93,29,64,66,26,40,92,35,57,94,35,59,80,24,56,61,31,30,80,37,43,77,27,50,91,43,48
"Srednje splošno","Vsi letniki - SKUPAJ","15 let",8369,3326,5043,7915,3234,4681,7616,3198,4418,7443,3051,4392,6764,2728,4036,6470,2546,3924,6523,2600,3923,6140,2369,3771,6270,2422,3848,6167,2351,3816,6216,2332,3884,6512,2522,3990
"Srednje splošno","Vsi letniki - SKUPAJ","16 let",8063,3342,4721,8039,3201,4838,7815,3136,4679,7602,3170,4432,7233,2973,4260,6618,2705,3913,6409,2541,3868,6507,2610,3897,6181,2409,3772,6257,2424,3833,6138,2369,3769,6491,2440,4051
"Srednje splošno","Vsi letniki - SKUPAJ","17 let",8367,3454,4913,7810,3197,4613,7875,3126,4749,7507,3042,4465,7361,3065,4296,7064,2890,4174,6523,2654,3869,6327,2495,3832,6402,2551,3851,6018,2334,3684,6149,2391,3758,6065,2334,3731
"Srednje splošno","Vsi letniki - SKUPAJ","18 let",7958,3280,4678,7504,3104,4400,7261,3028,4233,7208,2874,4334,6911,2805,4106,6835,2834,4001,6733,2747,3986,6375,2593,3782,6210,2446,3764,6219,2470,3749,5847,2254,3593,6049,2346,3703
"Srednje splošno","Vsi letniki - SKUPAJ","19 let",866,373,493,852,375,477,731,292,439,719,327,392,712,311,401,701,318,383,601,266,335,616,234,382,638,274,364,570,226,344,638,258,380,547,216,331
"Srednje splošno","Vsi letniki - SKUPAJ","20 let",265,94,171,375,142,233,187,93,94,134,56,78,157,68,89,138,63,75,120,56,64,114,44,70,103,38,65,116,50,66,79,39,40,85,39,46
"Srednje splošno","Vsi letniki - SKUPAJ","21 let in veè",514,228,286,498,185,313,333,162,171,326,146,180,284,115,169,290,125,165,242,114,128,208,99,109,187,82,105,163,70,93,105,40,65,70,36,34
"Srednje splošno","1. letnik","Starost - Skupaj",8542,3429,5113,8147,3357,4790,7841,3280,4561,7596,3140,4456,7051,2861,4190,6840,2724,4116,6902,2790,4112,6520,2540,3980,6622,2597,4025,6610,2569,4041,6619,2522,4097,6918,2708,4210
"Srednje splošno","1. letnik","13 let ali manj",7,-,7,4,2,2,2,1,1,1,1,-,2,2,-,1,-,1,1,-,1,2,2,-,-,-,-,1,1,-,2,-,2,2,-,2
"Srednje splošno","1. letnik","14 let",632,206,426,507,190,317,250,81,169,93,29,64,65,25,40,86,33,53,92,34,58,79,24,55,59,29,30,80,37,43,76,26,50,89,43,46
"Srednje splošno","1. letnik","15 let",7561,3024,4537,7324,3011,4313,7072,2975,4097,7192,2966,4226,6671,2697,3974,6397,2517,3880,6438,2570,3868,6058,2339,3719,6205,2403,3802,6116,2327,3789,6143,2299,3844,6439,2493,3946
"Srednje splošno","1. letnik","16 let",239,118,121,289,145,144,419,181,238,270,125,145,286,127,159,301,145,156,306,149,157,325,150,175,296,135,161,357,170,187,347,162,185,347,151,196
"Srednje splošno","1. letnik","17 let",101,80,21,13,5,8,26,7,19,16,4,12,18,6,12,22,11,11,30,18,12,29,11,18,30,14,16,28,17,11,25,16,9,20,12,8
"Srednje splošno","1. letnik","18 let",2,1,1,2,1,1,66,33,33,8,6,2,4,1,3,9,4,5,9,2,7,8,4,4,6,3,3,7,4,3,5,5,-,2,-,2
"Srednje splošno","1. letnik","19 let",-,-,-,3,1,2,-,-,-,5,1,4,2,1,1,4,1,3,9,6,3,7,3,4,9,5,4,5,4,1,12,6,6,9,5,4
"Srednje splošno","1. letnik","20 let",-,-,-,3,2,1,1,-,1,4,3,1,1,1,-,5,4,1,5,2,3,1,-,1,5,4,1,3,1,2,3,3,-,3,2,1
"Srednje splošno","1. letnik","21 let in veè",-,-,-,2,-,2,5,2,3,7,5,2,2,1,1,15,9,6,12,9,3,11,7,4,12,4,8,13,8,5,6,5,1,7,2,5
"Srednje splošno","2. letnik","Starost - Skupaj",8288,3452,4836,8161,3293,4868,7758,3190,4568,7487,3147,4340,7180,2990,4190,6709,2752,3957,6505,2576,3929,6582,2653,3929,6264,2458,3806,6276,2445,3831,6236,2416,3820,6542,2477,4065
"Srednje splošno","2. letnik","13 let ali manj",-,-,-,-,-,-,-,-,-,-,-,-,-,-,-,1,1,-,-,-,-,-,-,-,-,-,-,-,-,-,-,-,-,-,-,-
"Srednje splošno","2. letnik","14 let",10,-,10,5,1,4,4,4,-,-,-,-,1,1,-,6,2,4,1,-,1,1,-,1,2,2,-,-,-,-,1,1,-,2,-,2
"Srednje splošno","2. letnik","15 let",808,302,506,589,221,368,538,221,317,249,83,166,91,30,61,71,27,44,80,28,52,81,30,51,64,19,45,50,23,27,72,32,40,72,28,44
"Srednje splošno","2. letnik","16 let",7088,2961,4127,7104,2800,4304,6780,2744,4036,6818,2861,3957,6703,2768,3935,6224,2526,3698,6033,2363,3670,6110,2436,3674,5800,2241,3559,5837,2238,3599,5740,2185,3555,6070,2255,3815
"Srednje splošno","2. letnik","17 let",370,180,190,357,189,168,406,200,206,392,190,202,350,176,174,344,169,175,346,166,180,329,156,173,342,162,180,328,158,170,375,172,203,350,163,187
"Srednje splošno","2. letnik","18 let",10,8,2,102,81,21,21,15,6,24,11,13,27,10,17,27,9,18,21,8,13,31,15,16,32,20,12,34,13,21,29,14,15,28,17,11
"Srednje splošno","2. letnik","19 let",-,-,-,2,1,1,4,3,1,1,1,-,6,5,1,10,5,5,5,1,4,8,1,7,8,6,2,5,2,3,2,1,1,4,3,1
"Srednje splošno","2. letnik","20 let",1,-,1,-,-,-,2,1,1,-,-,-,1,-,1,6,2,4,3,1,2,6,5,1,6,3,3,7,3,4,4,3,1,8,5,3
"Srednje splošno","2. letnik","21 let in veè",1,1,-,2,-,2,3,2,1,3,1,2,1,-,1,20,11,9,16,9,7,16,10,6,10,5,5,15,8,7,13,8,5,8,6,2
"Srednje splošno","3. letnik","Starost - Skupaj",8328,3432,4896,8036,3350,4686,7936,3173,4763,7486,3086,4400,7260,3040,4220,7029,2920,4109,6552,2673,3879,6385,2517,3868,6466,2586,3880,6078,2364,3714,6141,2399,3742,6142,2354,3788
"Srednje splošno","3. letnik","13 let ali manj",-,-,-,-,-,-,-,-,-,-,-,-,-,-,-,-,-,-,-,-,-,-,-,-,-,-,-,-,-,-,-,-,-,-,-,-
"Srednje splošno","3. letnik","14 let",2,1,1,-,-,-,-,-,-,-,-,-,-,-,-,-,-,-,1,1,-,-,-,-,-,-,-,-,-,-,-,-,-,-,-,-
"Srednje splošno","3. letnik","15 let",-,-,-,2,2,-,6,2,4,2,2,-,1,1,-,2,2,-,5,2,3,1,-,1,1,-,1,1,1,-,1,1,-,1,1,-
"Srednje splošno","3. letnik","16 let",734,262,472,646,256,390,616,211,405,508,183,325,243,77,166,90,31,59,70,29,41,70,23,47,84,33,51,62,16,46,50,21,29,73,33,40
"Srednje splošno","3. letnik","17 let",7099,2908,4191,6746,2775,3971,6832,2706,4126,6492,2650,3842,6544,2724,3820,6459,2636,3823,6059,2438,3621,5906,2299,3607,5964,2354,3610,5586,2131,3455,5690,2189,3501,5646,2138,3508
"Srednje splošno","3. letnik","18 let",469,251,218,604,293,311,445,234,211,446,226,220,446,222,224,422,220,202,361,176,185,373,184,189,366,169,197,384,188,196,358,172,186,379,162,217
"Srednje splošno","3. letnik","19 let",21,9,12,33,21,12,25,15,10,33,21,12,21,13,8,28,13,15,28,13,15,22,5,17,28,17,11,28,20,8,28,11,17,25,9,16
"Srednje splošno","3. letnik","20 let",2,-,2,3,2,1,1,1,-,4,3,1,4,2,2,6,6,-,7,3,4,3,-,3,4,-,4,7,3,4,2,1,1,3,2,1
"Srednje splošno","3. letnik","21 let in veè",1,1,-,2,1,1,11,4,7,1,1,-,1,1,-,22,12,10,21,11,10,10,6,4,19,13,6,10,5,5,12,4,8,15,9,6
"Srednje splošno","4. letnik","Starost - Skupaj",8703,3565,5138,8088,3294,4794,7780,3203,4577,7755,3075,4680,7298,2949,4349,7105,2954,4151,6893,2844,4049,6507,2642,3865,6328,2500,3828,6305,2489,3816,5983,2306,3677,6090,2384,3706
"Srednje splošno","4. letnik","13 let ali manj",-,-,-,-,-,-,-,-,-,-,-,-,-,-,-,-,-,-,-,-,-,-,-,-,-,-,-,-,-,-,-,-,-,-,-,-
"Srednje splošno","4. letnik","14 let",-,-,-,-,-,-,-,-,-,-,-,-,-,-,-,-,-,-,-,-,-,-,-,-,-,-,-,-,-,-,-,-,-,-,-,-
"Srednje splošno","4. letnik","15 let",-,-,-,-,-,-,-,-,-,-,-,-,-,-,-,-,-,-,-,-,-,-,-,-,-,-,-,-,-,-,-,-,-,-,-,-
"Srednje splošno","4. letnik","16 let",2,1,1,-,-,-,-,-,-,6,1,5,1,1,-,3,3,-,-,-,-,2,1,1,1,-,1,1,-,1,1,1,-,1,1,-
"Srednje splošno","4. letnik","17 let",796,286,510,691,228,463,607,212,395,605,198,407,448,159,289,239,74,165,88,32,56,63,29,34,66,21,45,76,28,48,59,14,45,49,21,28
"Srednje splošno","4. letnik","18 let",7436,3014,4422,6714,2716,3998,6668,2737,3931,6673,2619,4054,6366,2549,3817,6336,2599,3737,6325,2559,3766,5956,2388,3568,5787,2253,3534,5781,2263,3518,5438,2060,3378,5614,2162,3452
"Srednje splošno","4. letnik","19 let",438,244,194,490,274,216,447,222,225,435,237,198,439,216,223,476,247,229,414,216,198,417,190,227,417,204,213,394,170,224,428,200,228,372,173,199
"Srednje splošno","4. letnik","20 let",27,18,9,191,76,115,50,29,21,35,19,16,39,21,18,31,21,10,42,23,19,47,22,25,42,17,25,39,20,19,42,24,18,43,22,21
"Srednje splošno","4. letnik","21 let in veè",4,2,2,2,-,2,8,3,5,1,1,-,5,3,2,20,10,10,24,14,10,22,12,10,15,5,10,14,8,6,15,7,8,11,5,6
"Srednje splošno","5. letnik","Starost - Skupaj",1192,426,766,1077,337,740,759,275,484,713,250,463,701,253,448,527,167,360,394,130,264,375,118,257,372,112,260,322,96,226,272,67,205,220,53,167
"Srednje splošno","5. letnik","13 let ali manj",-,-,-,-,-,-,-,-,-,4,2,2,-,-,-,-,-,-,-,-,-,-,-,-,-,-,-,-,-,-,-,-,-,-,-,-
"Srednje splošno","5. letnik","14 let",-,-,-,-,-,-,-,-,-,-,-,-,-,-,-,-,-,-,-,-,-,-,-,-,-,-,-,-,-,-,-,-,-,-,-,-
"Srednje splošno","5. letnik","15 let",-,-,-,-,-,-,-,-,-,-,-,-,1,-,1,-,-,-,-,-,-,-,-,-,-,-,-,-,-,-,-,-,-,-,-,-
"Srednje splošno","5. letnik","16 let",-,-,-,-,-,-,-,-,-,-,-,-,-,-,-,-,-,-,-,-,-,-,-,-,-,-,-,-,-,-,-,-,-,-,-,-
"Srednje splošno","5. letnik","17 let",1,-,1,3,-,3,4,1,3,2,-,2,1,-,1,-,-,-,-,-,-,-,-,-,-,-,-,-,-,-,-,-,-,-,-,-
"Srednje splošno","5. letnik","18 let",41,6,35,82,13,69,61,9,52,57,12,45,68,23,45,41,2,39,17,2,15,7,2,5,19,1,18,13,2,11,17,3,14,26,5,21
"Srednje splošno","5. letnik","19 let",407,120,287,324,78,246,255,52,203,245,67,178,244,76,168,183,52,131,145,30,115,162,35,127,176,42,134,138,30,108,168,40,128,137,26,111
"Srednje splošno","5. letnik","20 let",235,76,159,178,62,116,133,62,71,91,31,60,112,44,68,90,30,60,63,27,36,57,17,40,46,14,32,60,23,37,28,8,20,28,8,20
"Srednje splošno","5. letnik","21 let in veè",508,224,284,490,184,306,306,151,155,314,138,176,275,110,165,213,83,130,169,71,98,149,64,85,131,55,76,111,41,70,59,16,43,29,14,15
"…splošna in strokovna gimnazija","Vsi letniki - SKUPAJ","Starost - Skupaj",33861,13878,19983,32432,13294,19138,31315,12846,18469,30324,12448,17876,28789,11840,16949,27683,11350,16333,26852,10883,15969,25994,10352,15642,25680,10141,15539,25269,9867,15402,24979,9643,15336,25692,9923,15769
"…splošna in strokovna gimnazija","Vsi letniki - SKUPAJ","13 let ali manj",7,-,7,4,2,2,2,1,1,1,1,-,2,2,-,2,1,1,1,-,1,2,2,-,-,-,-,1,1,-,2,-,2,2,-,2
"…splošna in strokovna gimnazija","Vsi letniki - SKUPAJ","14 let",644,207,437,512,191,321,254,85,169,93,29,64,66,26,40,92,35,57,94,35,59,80,24,56,61,31,30,80,37,43,77,27,50,91,43,48
"…splošna in strokovna gimnazija","Vsi letniki - SKUPAJ","15 let",8369,3326,5043,7915,3234,4681,7616,3198,4418,7443,3051,4392,6763,2728,4035,6470,2546,3924,6523,2600,3923,6140,2369,3771,6270,2422,3848,6167,2351,3816,6216,2332,3884,6512,2522,3990
"…splošna in strokovna gimnazija","Vsi letniki - SKUPAJ","16 let",8063,3342,4721,8039,3201,4838,7815,3136,4679,7602,3170,4432,7233,2973,4260,6618,2705,3913,6409,2541,3868,6507,2610,3897,6181,2409,3772,6257,2424,3833,6138,2369,3769,6491,2440,4051
"…splošna in strokovna gimnazija","Vsi letniki - SKUPAJ","17 let",8366,3454,4912,7807,3197,4610,7871,3125,4746,7505,3042,4463,7360,3065,4295,7064,2890,4174,6523,2654,3869,6327,2495,3832,6402,2551,3851,6018,2334,3684,6149,2391,3758,6065,2334,3731
"…splošna in strokovna gimnazija","Vsi letniki - SKUPAJ","18 let",7917,3274,4643,7422,3091,4331,7200,3019,4181,7151,2862,4289,6843,2782,4061,6794,2832,3962,6716,2745,3971,6368,2591,3777,6191,2445,3746,6206,2468,3738,5830,2251,3579,6023,2341,3682
"…splošna in strokovna gimnazija","Vsi letniki - SKUPAJ","19 let",459,253,206,528,297,231,476,240,236,474,260,214,468,235,233,518,266,252,456,236,220,454,199,255,462,232,230,432,196,236,470,218,252,410,190,220
"…splošna in strokovna gimnazija","Vsi letniki - SKUPAJ","20 let",30,18,12,197,80,117,54,31,23,43,25,18,45,24,21,48,33,15,57,29,28,57,27,30,57,24,33,56,27,29,51,31,20,57,31,26
"…splošna in strokovna gimnazija","Vsi letniki - SKUPAJ","21 let in veè",6,4,2,8,1,7,27,11,16,12,8,4,9,5,4,77,42,35,73,43,30,59,35,24,56,27,29,52,29,23,46,24,22,41,22,19
"…splošna in strokovna gimnazija","1. letnik","Starost - Skupaj",8542,3429,5113,8147,3357,4790,7841,3280,4561,7596,3140,4456,7051,2861,4190,6840,2724,4116,6902,2790,4112,6520,2540,3980,6622,2597,4025,6610,2569,4041,6619,2522,4097,6918,2708,4210
"…splošna in strokovna gimnazija","1. letnik","13 let ali manj",7,-,7,4,2,2,2,1,1,1,1,-,2,2,-,1,-,1,1,-,1,2,2,-,-,-,-,1,1,-,2,-,2,2,-,2
"…splošna in strokovna gimnazija","1. letnik","14 let",632,206,426,507,190,317,250,81,169,93,29,64,65,25,40,86,33,53,92,34,58,79,24,55,59,29,30,80,37,43,76,26,50,89,43,46
"…splošna in strokovna gimnazija","1. letnik","15 let",7561,3024,4537,7324,3011,4313,7072,2975,4097,7192,2966,4226,6671,2697,3974,6397,2517,3880,6438,2570,3868,6058,2339,3719,6205,2403,3802,6116,2327,3789,6143,2299,3844,6439,2493,3946
"…splošna in strokovna gimnazija","1. letnik","16 let",239,118,121,289,145,144,419,181,238,270,125,145,286,127,159,301,145,156,306,149,157,325,150,175,296,135,161,357,170,187,347,162,185,347,151,196
"…splošna in strokovna gimnazija","1. letnik","17 let",101,80,21,13,5,8,26,7,19,16,4,12,18,6,12,22,11,11,30,18,12,29,11,18,30,14,16,28,17,11,25,16,9,20,12,8
"…splošna in strokovna gimnazija","1. letnik","18 let",2,1,1,2,1,1,66,33,33,8,6,2,4,1,3,9,4,5,9,2,7,8,4,4,6,3,3,7,4,3,5,5,-,2,-,2
"…splošna in strokovna gimnazija","1. letnik","19 let",-,-,-,3,1,2,-,-,-,5,1,4,2,1,1,4,1,3,9,6,3,7,3,4,9,5,4,5,4,1,12,6,6,9,5,4
"…splošna in strokovna gimnazija","1. letnik","20 let",-,-,-,3,2,1,1,-,1,4,3,1,1,1,-,5,4,1,5,2,3,1,-,1,5,4,1,3,1,2,3,3,-,3,2,1
"…splošna in strokovna gimnazija","1. letnik","21 let in veè",-,-,-,2,-,2,5,2,3,7,5,2,2,1,1,15,9,6,12,9,3,11,7,4,12,4,8,13,8,5,6,5,1,7,2,5
"…splošna in strokovna gimnazija","2. letnik","Starost - Skupaj",8288,3452,4836,8161,3293,4868,7758,3190,4568,7487,3147,4340,7180,2990,4190,6709,2752,3957,6505,2576,3929,6582,2653,3929,6264,2458,3806,6276,2445,3831,6236,2416,3820,6542,2477,4065
"…splošna in strokovna gimnazija","2. letnik","13 let ali manj",-,-,-,-,-,-,-,-,-,-,-,-,-,-,-,1,1,-,-,-,-,-,-,-,-,-,-,-,-,-,-,-,-,-,-,-
"…splošna in strokovna gimnazija","2. letnik","14 let",10,-,10,5,1,4,4,4,-,-,-,-,1,1,-,6,2,4,1,-,1,1,-,1,2,2,-,-,-,-,1,1,-,2,-,2
"…splošna in strokovna gimnazija","2. letnik","15 let",808,302,506,589,221,368,538,221,317,249,83,166,91,30,61,71,27,44,80,28,52,81,30,51,64,19,45,50,23,27,72,32,40,72,28,44
"…splošna in strokovna gimnazija","2. letnik","16 let",7088,2961,4127,7104,2800,4304,6780,2744,4036,6818,2861,3957,6703,2768,3935,6224,2526,3698,6033,2363,3670,6110,2436,3674,5800,2241,3559,5837,2238,3599,5740,2185,3555,6070,2255,3815
"…splošna in strokovna gimnazija","2. letnik","17 let",370,180,190,357,189,168,406,200,206,392,190,202,350,176,174,344,169,175,346,166,180,329,156,173,342,162,180,328,158,170,375,172,203,350,163,187
"…splošna in strokovna gimnazija","2. letnik","18 let",10,8,2,102,81,21,21,15,6,24,11,13,27,10,17,27,9,18,21,8,13,31,15,16,32,20,12,34,13,21,29,14,15,28,17,11
"…splošna in strokovna gimnazija","2. letnik","19 let",-,-,-,2,1,1,4,3,1,1,1,-,6,5,1,10,5,5,5,1,4,8,1,7,8,6,2,5,2,3,2,1,1,4,3,1
"…splošna in strokovna gimnazija","2. letnik","20 let",1,-,1,-,-,-,2,1,1,-,-,-,1,-,1,6,2,4,3,1,2,6,5,1,6,3,3,7,3,4,4,3,1,8,5,3
"…splošna in strokovna gimnazija","2. letnik","21 let in veè",1,1,-,2,-,2,3,2,1,3,1,2,1,-,1,20,11,9,16,9,7,16,10,6,10,5,5,15,8,7,13,8,5,8,6,2
"…splošna in strokovna gimnazija","3. letnik","Starost - Skupaj",8328,3432,4896,8036,3350,4686,7936,3173,4763,7486,3086,4400,7260,3040,4220,7029,2920,4109,6552,2673,3879,6385,2517,3868,6466,2586,3880,6078,2364,3714,6141,2399,3742,6142,2354,3788
"…splošna in strokovna gimnazija","3. letnik","13 let ali manj",-,-,-,-,-,-,-,-,-,-,-,-,-,-,-,-,-,-,-,-,-,-,-,-,-,-,-,-,-,-,-,-,-,-,-,-
"…splošna in strokovna gimnazija","3. letnik","14 let",2,1,1,-,-,-,-,-,-,-,-,-,-,-,-,-,-,-,1,1,-,-,-,-,-,-,-,-,-,-,-,-,-,-,-,-
"…splošna in strokovna gimnazija","3. letnik","15 let",-,-,-,2,2,-,6,2,4,2,2,-,1,1,-,2,2,-,5,2,3,1,-,1,1,-,1,1,1,-,1,1,-,1,1,-
"…splošna in strokovna gimnazija","3. letnik","16 let",734,262,472,646,256,390,616,211,405,508,183,325,243,77,166,90,31,59,70,29,41,70,23,47,84,33,51,62,16,46,50,21,29,73,33,40
"…splošna in strokovna gimnazija","3. letnik","17 let",7099,2908,4191,6746,2775,3971,6832,2706,4126,6492,2650,3842,6544,2724,3820,6459,2636,3823,6059,2438,3621,5906,2299,3607,5964,2354,3610,5586,2131,3455,5690,2189,3501,5646,2138,3508
"…splošna in strokovna gimnazija","3. letnik","18 let",469,251,218,604,293,311,445,234,211,446,226,220,446,222,224,422,220,202,361,176,185,373,184,189,366,169,197,384,188,196,358,172,186,379,162,217
"…splošna in strokovna gimnazija","3. letnik","19 let",21,9,12,33,21,12,25,15,10,33,21,12,21,13,8,28,13,15,28,13,15,22,5,17,28,17,11,28,20,8,28,11,17,25,9,16
"…splošna in strokovna gimnazija","3. letnik","20 let",2,-,2,3,2,1,1,1,-,4,3,1,4,2,2,6,6,-,7,3,4,3,-,3,4,-,4,7,3,4,2,1,1,3,2,1
"…splošna in strokovna gimnazija","3. letnik","21 let in veè",1,1,-,2,1,1,11,4,7,1,1,-,1,1,-,22,12,10,21,11,10,10,6,4,19,13,6,10,5,5,12,4,8,15,9,6
"…splošna in strokovna gimnazija","4. letnik","Starost - Skupaj",8703,3565,5138,8088,3294,4794,7780,3203,4577,7755,3075,4680,7298,2949,4349,7105,2954,4151,6893,2844,4049,6507,2642,3865,6328,2500,3828,6305,2489,3816,5983,2306,3677,6090,2384,3706
"…splošna in strokovna gimnazija","4. letnik","13 let ali manj",-,-,-,-,-,-,-,-,-,-,-,-,-,-,-,-,-,-,-,-,-,-,-,-,-,-,-,-,-,-,-,-,-,-,-,-
"…splošna in strokovna gimnazija","4. letnik","14 let",-,-,-,-,-,-,-,-,-,-,-,-,-,-,-,-,-,-,-,-,-,-,-,-,-,-,-,-,-,-,-,-,-,-,-,-
"…splošna in strokovna gimnazija","4. letnik","15 let",-,-,-,-,-,-,-,-,-,-,-,-,-,-,-,-,-,-,-,-,-,-,-,-,-,-,-,-,-,-,-,-,-,-,-,-
"…splošna in strokovna gimnazija","4. letnik","16 let",2,1,1,-,-,-,-,-,-,6,1,5,1,1,-,3,3,-,-,-,-,2,1,1,1,-,1,1,-,1,1,1,-,1,1,-
"…splošna in strokovna gimnazija","4. letnik","17 let",796,286,510,691,228,463,607,212,395,605,198,407,448,159,289,239,74,165,88,32,56,63,29,34,66,21,45,76,28,48,59,14,45,49,21,28
"…splošna in strokovna gimnazija","4. letnik","18 let",7436,3014,4422,6714,2716,3998,6668,2737,3931,6673,2619,4054,6366,2549,3817,6336,2599,3737,6325,2559,3766,5956,2388,3568,5787,2253,3534,5781,2263,3518,5438,2060,3378,5614,2162,3452
"…splošna in strokovna gimnazija","4. letnik","19 let",438,244,194,490,274,216,447,222,225,435,237,198,439,216,223,476,247,229,414,216,198,417,190,227,417,204,213,394,170,224,428,200,228,372,173,199
"…splošna in strokovna gimnazija","4. letnik","20 let",27,18,9,191,76,115,50,29,21,35,19,16,39,21,18,31,21,10,42,23,19,47,22,25,42,17,25,39,20,19,42,24,18,43,22,21
"…splošna in strokovna gimnazija","4. letnik","21 let in veè",4,2,2,2,-,2,8,3,5,1,1,-,5,3,2,20,10,10,24,14,10,22,12,10,15,5,10,14,8,6,15,7,8,11,5,6
"…splošna in strokovna gimnazija","5. letnik","Starost - Skupaj",-,-,-,-,-,-,-,-,-,-,-,-,-,-,-,-,-,-,-,-,-,-,-,-,-,-,-,-,-,-,-,-,-,-,-,-
"…splošna in strokovna gimnazija","5. letnik","13 let ali manj",-,-,-,-,-,-,-,-,-,-,-,-,-,-,-,-,-,-,-,-,-,-,-,-,-,-,-,-,-,-,-,-,-,-,-,-
"…splošna in strokovna gimnazija","5. letnik","14 let",-,-,-,-,-,-,-,-,-,-,-,-,-,-,-,-,-,-,-,-,-,-,-,-,-,-,-,-,-,-,-,-,-,-,-,-
"…splošna in strokovna gimnazija","5. letnik","15 let",-,-,-,-,-,-,-,-,-,-,-,-,-,-,-,-,-,-,-,-,-,-,-,-,-,-,-,-,-,-,-,-,-,-,-,-
"…splošna in strokovna gimnazija","5. letnik","16 let",-,-,-,-,-,-,-,-,-,-,-,-,-,-,-,-,-,-,-,-,-,-,-,-,-,-,-,-,-,-,-,-,-,-,-,-
"…splošna in strokovna gimnazija","5. letnik","17 let",-,-,-,-,-,-,-,-,-,-,-,-,-,-,-,-,-,-,-,-,-,-,-,-,-,-,-,-,-,-,-,-,-,-,-,-
"…splošna in strokovna gimnazija","5. letnik","18 let",-,-,-,-,-,-,-,-,-,-,-,-,-,-,-,-,-,-,-,-,-,-,-,-,-,-,-,-,-,-,-,-,-,-,-,-
"…splošna in strokovna gimnazija","5. letnik","19 let",-,-,-,-,-,-,-,-,-,-,-,-,-,-,-,-,-,-,-,-,-,-,-,-,-,-,-,-,-,-,-,-,-,-,-,-
"…splošna in strokovna gimnazija","5. letnik","20 let",-,-,-,-,-,-,-,-,-,-,-,-,-,-,-,-,-,-,-,-,-,-,-,-,-,-,-,-,-,-,-,-,-,-,-,-
"…splošna in strokovna gimnazija","5. letnik","21 let in veè",-,-,-,-,-,-,-,-,-,-,-,-,-,-,-,-,-,-,-,-,-,-,-,-,-,-,-,-,-,-,-,-,-,-,-,-
"…maturitetni teèaj","Vsi letniki - SKUPAJ","Starost - Skupaj",1192,426,766,1077,337,740,759,275,484,713,250,463,701,253,448,527,167,360,394,130,264,375,118,257,372,112,260,322,96,226,272,67,205,220,53,167
"…maturitetni teèaj","Vsi letniki - SKUPAJ","13 let ali manj",-,-,-,-,-,-,-,-,-,4,2,2,-,-,-,-,-,-,-,-,-,-,-,-,-,-,-,-,-,-,-,-,-,-,-,-
"…maturitetni teèaj","Vsi letniki - SKUPAJ","14 let",-,-,-,-,-,-,-,-,-,-,-,-,-,-,-,-,-,-,-,-,-,-,-,-,-,-,-,-,-,-,-,-,-,-,-,-
"…maturitetni teèaj","Vsi letniki - SKUPAJ","15 let",-,-,-,-,-,-,-,-,-,-,-,-,1,-,1,-,-,-,-,-,-,-,-,-,-,-,-,-,-,-,-,-,-,-,-,-
"…maturitetni teèaj","Vsi letniki - SKUPAJ","16 let",-,-,-,-,-,-,-,-,-,-,-,-,-,-,-,-,-,-,-,-,-,-,-,-,-,-,-,-,-,-,-,-,-,-,-,-
"…maturitetni teèaj","Vsi letniki - SKUPAJ","17 let",1,-,1,3,-,3,4,1,3,2,-,2,1,-,1,-,-,-,-,-,-,-,-,-,-,-,-,-,-,-,-,-,-,-,-,-
"…maturitetni teèaj","Vsi letniki - SKUPAJ","18 let",41,6,35,82,13,69,61,9,52,57,12,45,68,23,45,41,2,39,17,2,15,7,2,5,19,1,18,13,2,11,17,3,14,26,5,21
"…maturitetni teèaj","Vsi letniki - SKUPAJ","19 let",407,120,287,324,78,246,255,52,203,245,67,178,244,76,168,183,52,131,145,30,115,162,35,127,176,42,134,138,30,108,168,40,128,137,26,111
"…maturitetni teèaj","Vsi letniki - SKUPAJ","20 let",235,76,159,178,62,116,133,62,71,91,31,60,112,44,68,90,30,60,63,27,36,57,17,40,46,14,32,60,23,37,28,8,20,28,8,20
"…maturitetni teèaj","Vsi letniki - SKUPAJ","21 let in veè",508,224,284,490,184,306,306,151,155,314,138,176,275,110,165,213,83,130,169,71,98,149,64,85,131,55,76,111,41,70,59,16,43,29,14,15
"…maturitetni teèaj","1. letnik","Starost - Skupaj",-,-,-,-,-,-,-,-,-,-,-,-,-,-,-,-,-,-,-,-,-,-,-,-,-,-,-,-,-,-,-,-,-,-,-,-
"…maturitetni teèaj","1. letnik","13 let ali manj",-,-,-,-,-,-,-,-,-,-,-,-,-,-,-,-,-,-,-,-,-,-,-,-,-,-,-,-,-,-,-,-,-,-,-,-
"…maturitetni teèaj","1. letnik","14 let",-,-,-,-,-,-,-,-,-,-,-,-,-,-,-,-,-,-,-,-,-,-,-,-,-,-,-,-,-,-,-,-,-,-,-,-
"…maturitetni teèaj","1. letnik","15 let",-,-,-,-,-,-,-,-,-,-,-,-,-,-,-,-,-,-,-,-,-,-,-,-,-,-,-,-,-,-,-,-,-,-,-,-
"…maturitetni teèaj","1. letnik","16 let",-,-,-,-,-,-,-,-,-,-,-,-,-,-,-,-,-,-,-,-,-,-,-,-,-,-,-,-,-,-,-,-,-,-,-,-
"…maturitetni teèaj","1. letnik","17 let",-,-,-,-,-,-,-,-,-,-,-,-,-,-,-,-,-,-,-,-,-,-,-,-,-,-,-,-,-,-,-,-,-,-,-,-
"…maturitetni teèaj","1. letnik","18 let",-,-,-,-,-,-,-,-,-,-,-,-,-,-,-,-,-,-,-,-,-,-,-,-,-,-,-,-,-,-,-,-,-,-,-,-
"…maturitetni teèaj","1. letnik","19 let",-,-,-,-,-,-,-,-,-,-,-,-,-,-,-,-,-,-,-,-,-,-,-,-,-,-,-,-,-,-,-,-,-,-,-,-
"…maturitetni teèaj","1. letnik","20 let",-,-,-,-,-,-,-,-,-,-,-,-,-,-,-,-,-,-,-,-,-,-,-,-,-,-,-,-,-,-,-,-,-,-,-,-
"…maturitetni teèaj","1. letnik","21 let in veè",-,-,-,-,-,-,-,-,-,-,-,-,-,-,-,-,-,-,-,-,-,-,-,-,-,-,-,-,-,-,-,-,-,-,-,-
"…maturitetni teèaj","2. letnik","Starost - Skupaj",-,-,-,-,-,-,-,-,-,-,-,-,-,-,-,-,-,-,-,-,-,-,-,-,-,-,-,-,-,-,-,-,-,-,-,-
"…maturitetni teèaj","2. letnik","13 let ali manj",-,-,-,-,-,-,-,-,-,-,-,-,-,-,-,-,-,-,-,-,-,-,-,-,-,-,-,-,-,-,-,-,-,-,-,-
"…maturitetni teèaj","2. letnik","14 let",-,-,-,-,-,-,-,-,-,-,-,-,-,-,-,-,-,-,-,-,-,-,-,-,-,-,-,-,-,-,-,-,-,-,-,-
"…maturitetni teèaj","2. letnik","15 let",-,-,-,-,-,-,-,-,-,-,-,-,-,-,-,-,-,-,-,-,-,-,-,-,-,-,-,-,-,-,-,-,-,-,-,-
"…maturitetni teèaj","2. letnik","16 let",-,-,-,-,-,-,-,-,-,-,-,-,-,-,-,-,-,-,-,-,-,-,-,-,-,-,-,-,-,-,-,-,-,-,-,-
"…maturitetni teèaj","2. letnik","17 let",-,-,-,-,-,-,-,-,-,-,-,-,-,-,-,-,-,-,-,-,-,-,-,-,-,-,-,-,-,-,-,-,-,-,-,-
"…maturitetni teèaj","2. letnik","18 let",-,-,-,-,-,-,-,-,-,-,-,-,-,-,-,-,-,-,-,-,-,-,-,-,-,-,-,-,-,-,-,-,-,-,-,-
"…maturitetni teèaj","2. letnik","19 let",-,-,-,-,-,-,-,-,-,-,-,-,-,-,-,-,-,-,-,-,-,-,-,-,-,-,-,-,-,-,-,-,-,-,-,-
"…maturitetni teèaj","2. letnik","20 let",-,-,-,-,-,-,-,-,-,-,-,-,-,-,-,-,-,-,-,-,-,-,-,-,-,-,-,-,-,-,-,-,-,-,-,-
"…maturitetni teèaj","2. letnik","21 let in veè",-,-,-,-,-,-,-,-,-,-,-,-,-,-,-,-,-,-,-,-,-,-,-,-,-,-,-,-,-,-,-,-,-,-,-,-
"…maturitetni teèaj","3. letnik","Starost - Skupaj",-,-,-,-,-,-,-,-,-,-,-,-,-,-,-,-,-,-,-,-,-,-,-,-,-,-,-,-,-,-,-,-,-,-,-,-
"…maturitetni teèaj","3. letnik","13 let ali manj",-,-,-,-,-,-,-,-,-,-,-,-,-,-,-,-,-,-,-,-,-,-,-,-,-,-,-,-,-,-,-,-,-,-,-,-
"…maturitetni teèaj","3. letnik","14 let",-,-,-,-,-,-,-,-,-,-,-,-,-,-,-,-,-,-,-,-,-,-,-,-,-,-,-,-,-,-,-,-,-,-,-,-
"…maturitetni teèaj","3. letnik","15 let",-,-,-,-,-,-,-,-,-,-,-,-,-,-,-,-,-,-,-,-,-,-,-,-,-,-,-,-,-,-,-,-,-,-,-,-
"…maturitetni teèaj","3. letnik","16 let",-,-,-,-,-,-,-,-,-,-,-,-,-,-,-,-,-,-,-,-,-,-,-,-,-,-,-,-,-,-,-,-,-,-,-,-
"…maturitetni teèaj","3. letnik","17 let",-,-,-,-,-,-,-,-,-,-,-,-,-,-,-,-,-,-,-,-,-,-,-,-,-,-,-,-,-,-,-,-,-,-,-,-
"…maturitetni teèaj","3. letnik","18 let",-,-,-,-,-,-,-,-,-,-,-,-,-,-,-,-,-,-,-,-,-,-,-,-,-,-,-,-,-,-,-,-,-,-,-,-
"…maturitetni teèaj","3. letnik","19 let",-,-,-,-,-,-,-,-,-,-,-,-,-,-,-,-,-,-,-,-,-,-,-,-,-,-,-,-,-,-,-,-,-,-,-,-
"…maturitetni teèaj","3. letnik","20 let",-,-,-,-,-,-,-,-,-,-,-,-,-,-,-,-,-,-,-,-,-,-,-,-,-,-,-,-,-,-,-,-,-,-,-,-
"…maturitetni teèaj","3. letnik","21 let in veè",-,-,-,-,-,-,-,-,-,-,-,-,-,-,-,-,-,-,-,-,-,-,-,-,-,-,-,-,-,-,-,-,-,-,-,-
"…maturitetni teèaj","4. letnik","Starost - Skupaj",-,-,-,-,-,-,-,-,-,-,-,-,-,-,-,-,-,-,-,-,-,-,-,-,-,-,-,-,-,-,-,-,-,-,-,-
"…maturitetni teèaj","4. letnik","13 let ali manj",-,-,-,-,-,-,-,-,-,-,-,-,-,-,-,-,-,-,-,-,-,-,-,-,-,-,-,-,-,-,-,-,-,-,-,-
"…maturitetni teèaj","4. letnik","14 let",-,-,-,-,-,-,-,-,-,-,-,-,-,-,-,-,-,-,-,-,-,-,-,-,-,-,-,-,-,-,-,-,-,-,-,-
"…maturitetni teèaj","4. letnik","15 let",-,-,-,-,-,-,-,-,-,-,-,-,-,-,-,-,-,-,-,-,-,-,-,-,-,-,-,-,-,-,-,-,-,-,-,-
"…maturitetni teèaj","4. letnik","16 let",-,-,-,-,-,-,-,-,-,-,-,-,-,-,-,-,-,-,-,-,-,-,-,-,-,-,-,-,-,-,-,-,-,-,-,-
"…maturitetni teèaj","4. letnik","17 let",-,-,-,-,-,-,-,-,-,-,-,-,-,-,-,-,-,-,-,-,-,-,-,-,-,-,-,-,-,-,-,-,-,-,-,-
"…maturitetni teèaj","4. letnik","18 let",-,-,-,-,-,-,-,-,-,-,-,-,-,-,-,-,-,-,-,-,-,-,-,-,-,-,-,-,-,-,-,-,-,-,-,-
"…maturitetni teèaj","4. letnik","19 let",-,-,-,-,-,-,-,-,-,-,-,-,-,-,-,-,-,-,-,-,-,-,-,-,-,-,-,-,-,-,-,-,-,-,-,-
"…maturitetni teèaj","4. letnik","20 let",-,-,-,-,-,-,-,-,-,-,-,-,-,-,-,-,-,-,-,-,-,-,-,-,-,-,-,-,-,-,-,-,-,-,-,-
"…maturitetni teèaj","4. letnik","21 let in veè",-,-,-,-,-,-,-,-,-,-,-,-,-,-,-,-,-,-,-,-,-,-,-,-,-,-,-,-,-,-,-,-,-,-,-,-
"…maturitetni teèaj","5. letnik","Starost - Skupaj",1192,426,766,1077,337,740,759,275,484,713,250,463,701,253,448,527,167,360,394,130,264,375,118,257,372,112,260,322,96,226,272,67,205,220,53,167
"…maturitetni teèaj","5. letnik","13 let ali manj",-,-,-,-,-,-,-,-,-,4,2,2,-,-,-,-,-,-,-,-,-,-,-,-,-,-,-,-,-,-,-,-,-,-,-,-
"…maturitetni teèaj","5. letnik","14 let",-,-,-,-,-,-,-,-,-,-,-,-,-,-,-,-,-,-,-,-,-,-,-,-,-,-,-,-,-,-,-,-,-,-,-,-
"…maturitetni teèaj","5. letnik","15 let",-,-,-,-,-,-,-,-,-,-,-,-,1,-,1,-,-,-,-,-,-,-,-,-,-,-,-,-,-,-,-,-,-,-,-,-
"…maturitetni teèaj","5. letnik","16 let",-,-,-,-,-,-,-,-,-,-,-,-,-,-,-,-,-,-,-,-,-,-,-,-,-,-,-,-,-,-,-,-,-,-,-,-
"…maturitetni teèaj","5. letnik","17 let",1,-,1,3,-,3,4,1,3,2,-,2,1,-,1,-,-,-,-,-,-,-,-,-,-,-,-,-,-,-,-,-,-,-,-,-
"…maturitetni teèaj","5. letnik","18 let",41,6,35,82,13,69,61,9,52,57,12,45,68,23,45,41,2,39,17,2,15,7,2,5,19,1,18,13,2,11,17,3,14,26,5,21
"…maturitetni teèaj","5. letnik","19 let",407,120,287,324,78,246,255,52,203,245,67,178,244,76,168,183,52,131,145,30,115,162,35,127,176,42,134,138,30,108,168,40,128,137,26,111
"…maturitetni teèaj","5. letnik","20 let",235,76,159,178,62,116,133,62,71,91,31,60,112,44,68,90,30,60,63,27,36,57,17,40,46,14,32,60,23,37,28,8,20,28,8,20
"…maturitetni teèaj","5. letnik","21 let in veè",508,224,284,490,184,306,306,151,155,314,138,176,275,110,165,213,83,130,169,71,98,149,64,85,131,55,76,111,41,70,59,16,43,29,14,15
